FECHA_OCURRENCIA,LOCALIDAD_TEUSAQUILLO,LOCALIDAD_ENGATIVA,LOCALIDAD_PUENTE-ARANDA,LOCALIDAD_RAFAEL-URIBE-URIBE,LOCALIDAD_SUBA,LOCALIDAD_LOS-MARTIRES,LOCALIDAD_FONTIBON,LOCALIDAD_USME,LOCALIDAD_CIUDAD-BOLIVAR,LOCALIDAD_KENNEDY,LOCALIDAD_TUNJUELITO,LOCALIDAD_ANTONIO-NARIÑO,LOCALIDAD_BOSA,LOCALIDAD_CHAPINERO,LOCALIDAD_BARRIOS-UNIDOS,LOCALIDAD_USAQUEN,LOCALIDAD_SANTA-FE,LOCALIDAD_CANDELARIA,LOCALIDAD_SAN-CRISTOBAL,GRAVEDAD_CON-HERIDOS,GRAVEDAD_SOLO-DANOS,GRAVEDAD_CON-MUERTOS,CLASE_CON-HERIDOS,CLASE_SOLO-DANOS,CLASE_CON-MUERTOS
2007-01-07,28,48,31,17,36,20,47,10,12,75,13,12,16,28,18,25,20,3,14,216,250,7.0,216,250,7.0
2007-01-14,25,63,23,11,46,16,28,10,18,66,14,6,15,45,29,44,20,4,13,191,299,6.0,191,299,6.0
2007-01-21,32,63,36,24,60,26,56,10,16,86,22,11,18,45,44,76,25,4,21,292,372,11.0,292,372,11.0
2007-01-28,41,53,46,19,71,27,44,7,25,83,15,15,25,55,34,69,32,3,21,280,398,7.0,280,398,7.0
2007-02-04,50,57,47,19,54,25,47,8,22,82,25,16,25,56,49,76,24,3,17,301,389,12.0,301,389,12.0
2007-02-11,59,66,58,20,50,22,41,10,22,64,23,19,24,85,34,78,34,3,12,280,433,11.0,280,433,11.0
2007-02-18,52,54,53,17,77,21,50,11,33,94,18,20,19,80,55,85,27,8,16,303,478,9.0,303,478,9.0
2007-02-25,49,66,55,23,79,24,39,5,26,98,13,17,22,78,50,94,26,8,26,333,456,9.0,333,456,9.0
2007-03-04,57,64,44,31,77,22,47,10,27,91,20,18,7,70,53,67,29,13,25,318,440,14.0,318,440,14.0
2007-03-11,40,70,48,30,70,18,41,7,15,80,17,11,14,71,56,63,22,10,13,282,405,9.0,282,405,9.0
2007-03-18,49,62,50,25,73,29,44,8,34,82,15,15,20,73,50,77,26,5,21,314,436,8.0,314,436,8.0
2007-03-25,47,72,43,17,54,30,41,12,27,91,15,14,17,69,46,79,32,4,13,290,423,10.0,290,423,10.0
2007-04-01,41,62,44,24,60,22,50,9,34,75,14,21,25,54,39,82,29,6,13,293,398,13.0,293,398,13.0
2007-04-08,33,53,22,13,38,27,41,2,28,77,15,5,19,28,21,45,17,6,11,230,265,6.0,230,265,6.0
2007-04-15,49,62,54,16,57,25,51,9,21,74,20,10,17,66,44,60,27,6,18,299,379,8.0,299,379,8.0
2007-04-22,39,78,58,23,78,28,52,8,16,80,19,11,21,70,60,77,32,7,14,290,475,6.0,290,475,6.0
2007-04-29,57,74,56,18,77,32,48,8,29,86,14,10,15,66,46,63,22,12,11,294,441,9.0,294,441,9.0
2007-05-06,47,79,40,24,75,17,49,4,22,70,17,4,18,47,48,63,41,7,20,299,387,6.0,299,387,6.0
2007-05-13,48,81,44,20,61,28,46,11,22,72,13,15,15,74,49,82,24,5,19,301,417,11.0,301,417,11.0
2007-05-20,58,70,48,23,56,25,59,10,25,81,14,10,18,57,44,77,28,8,15,291,425,10.0,291,425,10.0
2007-05-27,46,58,40,15,64,17,48,8,23,70,18,13,13,63,30,77,22,3,8,241,388,7.0,241,388,7.0
2007-06-03,41,79,53,25,69,30,47,7,26,82,14,15,18,67,45,74,47,11,13,271,476,16.0,271,476,16.0
2007-06-10,37,70,63,21,77,19,43,8,23,95,17,13,17,51,49,57,21,4,21,266,432,8.0,266,432,8.0
2007-06-17,41,69,47,22,51,24,39,8,24,76,20,12,18,58,39,67,29,4,21,245,417,7.0,245,417,7.0
2007-06-24,44,74,51,17,62,22,49,3,33,81,17,8,12,35,42,59,21,1,13,223,402,19.0,223,402,19.0
2007-07-01,39,75,51,17,56,19,36,11,25,81,21,9,18,79,42,61,39,7,15,247,439,15.0,247,439,15.0
2007-07-08,38,49,45,12,54,21,38,12,21,77,15,10,12,35,36,46,18,5,16,203,345,12.0,203,345,12.0
2007-07-15,31,69,36,25,64,26,41,8,19,80,13,16,23,50,51,52,14,3,22,264,375,4.0,264,375,4.0
2007-07-22,55,57,46,25,70,26,46,3,20,74,10,11,17,52,39,52,26,10,13,240,405,7.0,240,405,7.0
2007-07-29,52,82,45,24,75,34,56,5,26,83,18,13,23,64,38,71,27,7,15,270,477,11.0,270,477,11.0
2007-08-05,61,70,42,24,59,30,44,4,23,81,17,16,17,57,36,68,27,6,18,266,416,18.0,266,416,18.0
2007-08-12,49,91,53,18,63,29,37,10,26,91,15,13,10,74,36,80,25,5,11,246,475,15.0,246,475,15.0
2007-08-19,43,67,47,21,80,31,44,6,19,74,17,11,25,71,38,68,28,9,17,247,460,9.0,247,460,9.0
2007-08-26,40,59,40,12,84,26,55,10,23,79,13,9,12,60,36,67,32,5,15,229,435,13.0,229,435,13.0
2007-09-02,55,60,52,20,64,30,58,6,14,86,14,9,19,81,45,74,35,10,19,270,471,10.0,270,471,10.0
2007-09-09,56,68,61,24,68,25,59,10,12,96,14,16,15,67,42,73,26,8,15,270,473,12.0,270,473,12.0
2007-09-16,55,69,54,18,69,20,62,8,20,68,20,4,19,45,57,67,17,11,15,260,426,12.0,260,426,12.0
2007-09-23,47,72,48,14,66,29,53,5,15,81,13,11,19,58,37,69,24,10,23,243,441,10.0,243,441,10.0
2007-09-30,49,78,53,23,55,21,59,11,20,70,11,11,18,71,53,65,22,9,17,243,461,12.0,243,461,12.0
2007-10-07,60,77,55,20,71,18,56,8,25,100,13,17,18,84,47,75,34,5,19,264,525,13.0,264,525,13.0
2007-10-14,60,75,47,17,55,30,73,6,21,85,18,9,16,59,55,69,33,5,17,227,514,9.0,227,514,9.0
2007-10-21,44,74,48,13,67,24,60,7,28,75,16,9,20,58,35,55,23,9,13,228,446,4.0,228,446,4.0
2007-10-28,45,60,54,17,59,23,51,9,22,73,9,10,23,71,43,63,33,7,19,225,460,6.0,225,460,6.0
2007-11-04,45,77,57,18,57,27,65,11,21,91,13,9,12,71,62,73,26,6,10,240,507,4.0,240,507,4.0
2007-11-11,44,60,46,18,59,23,48,5,22,82,20,4,17,56,39,72,32,7,16,221,441,8.0,221,441,8.0
2007-11-18,36,71,54,14,65,23,47,5,15,68,22,10,15,59,39,64,32,8,23,218,440,12.0,218,440,12.0
2007-11-25,57,65,56,15,74,31,50,3,24,69,14,16,18,63,54,87,34,11,13,232,508,14.0,232,508,14.0
2007-12-02,46,64,57,17,72,31,55,3,20,97,14,13,24,69,51,86,26,10,19,255,506,13.0,255,506,13.0
2007-12-09,62,79,52,14,69,29,59,5,18,91,14,16,12,59,45,73,41,8,12,228,522,8.0,228,522,8.0
2007-12-16,61,92,53,16,68,36,62,9,24,75,8,12,21,65,37,82,37,10,8,248,521,7.0,248,521,7.0
2007-12-23,47,66,77,19,65,42,66,5,16,70,14,11,22,63,45,59,22,7,14,221,503,6.0,221,503,6.0
2007-12-30,26,50,47,16,48,20,41,6,30,64,19,8,19,21,32,54,10,5,10,212,308,6.0,212,308,6.0
2008-01-06,8,30,31,14,32,7,34,7,24,47,6,7,15,17,21,35,16,4,13,141,219,8.0,141,219,8.0
2008-01-13,27,53,30,12,47,18,36,4,17,58,13,10,11,23,28,41,20,3,16,157,300,10.0,157,300,10.0
2008-01-20,41,60,55,18,56,17,44,5,17,61,12,10,11,50,44,48,20,3,16,173,408,7.0,173,408,7.0
2008-01-27,40,66,43,17,52,31,56,11,19,84,15,14,13,49,38,67,28,7,17,228,434,5.0,228,434,5.0
2008-02-03,49,64,51,13,63,39,61,13,28,69,12,9,14,70,59,69,23,4,17,229,483,15.0,229,483,15.0
2008-02-10,56,69,53,17,59,16,40,5,17,64,15,7,8,57,33,70,35,8,7,188,438,10.0,188,438,10.0
2008-02-17,53,66,43,7,52,29,46,5,18,85,9,9,17,60,41,72,26,7,7,209,440,3.0,209,440,3.0
2008-02-24,53,85,64,9,57,43,55,5,27,71,12,11,19,61,37,80,29,5,12,186,539,10.0,186,539,10.0
2008-03-02,52,85,43,21,59,28,51,6,26,75,23,6,17,65,32,71,27,4,17,202,499,7.0,202,499,7.0
2008-03-09,48,69,45,14,61,28,53,6,24,74,18,11,14,62,48,67,34,9,17,196,496,10.0,196,496,10.0
2008-03-16,52,72,51,19,70,36,40,7,16,76,18,7,10,66,42,70,31,6,14,198,495,10.0,198,495,10.0
2008-03-23,23,48,28,15,35,19,37,3,16,38,17,11,15,22,25,39,18,7,11,141,275,11.0,141,275,11.0
2008-03-30,38,61,35,26,55,18,53,17,19,71,14,8,16,61,39,70,17,6,16,174,458,8.0,174,458,8.0
2008-04-06,56,62,51,13,78,22,61,13,26,49,19,7,16,68,46,97,37,7,11,202,527,10.0,202,527,10.0
2008-04-13,46,78,39,9,54,21,43,5,20,74,15,10,19,57,44,83,29,4,15,197,464,4.0,197,464,4.0
2008-04-20,46,68,31,13,56,23,47,11,22,72,18,11,27,57,44,63,23,7,18,186,461,10.0,186,461,10.0
2008-04-27,40,52,51,21,78,23,53,6,22,61,12,7,14,54,52,87,24,5,14,178,486,12.0,178,486,12.0
2008-05-04,33,64,47,9,63,27,60,9,27,56,12,13,24,58,37,68,25,4,8,203,435,6.0,203,435,6.0
2008-05-11,47,57,46,15,73,24,43,4,24,70,23,12,20,71,33,71,30,6,15,215,455,14.0,215,455,14.0
2008-05-18,57,63,51,10,64,25,49,8,22,80,12,11,16,81,45,88,27,4,15,219,501,8.0,219,501,8.0
2008-05-25,42,64,47,18,71,33,57,8,14,83,12,13,22,71,53,84,31,9,20,203,538,11.0,203,538,11.0
2008-06-01,45,51,37,9,65,20,45,4,16,54,19,8,18,44,46,79,24,7,12,156,443,4.0,156,443,4.0
2008-06-08,49,62,34,21,57,24,40,9,28,71,16,9,14,47,40,88,15,5,13,203,435,4.0,203,435,4.0
2008-06-15,43,75,54,17,74,33,47,11,26,75,25,14,26,60,49,104,29,4,9,198,570,7.0,198,570,7.0
2008-06-22,41,71,47,15,62,37,53,6,25,78,23,12,7,49,37,108,29,8,11,205,508,6.0,205,508,6.0
2008-06-29,49,58,44,19,60,33,70,9,20,69,14,8,21,58,55,69,18,5,16,231,461,3.0,231,461,3.0
2008-07-06,36,74,38,11,60,24,63,12,24,66,16,9,14,51,27,70,16,7,13,171,453,7.0,171,453,7.0
2008-07-13,50,65,46,16,61,24,50,11,23,54,15,9,30,55,31,71,30,9,4,185,461,8.0,185,461,8.0
2008-07-20,62,85,53,13,73,21,59,5,21,69,13,8,15,51,37,84,19,8,13,200,500,9.0,200,500,9.0
2008-07-27,36,67,45,11,52,24,53,8,11,66,10,11,13,71,54,76,21,8,17,181,470,3.0,181,470,3.0
2008-08-03,45,69,46,13,69,27,44,8,25,82,17,8,15,80,44,86,35,12,10,202,523,10.0,202,523,10.0
2008-08-10,62,59,45,11,53,26,55,11,13,55,10,4,17,55,50,76,25,7,9,168,463,12.0,168,463,12.0
2008-08-17,41,74,52,8,70,31,53,4,23,50,9,5,26,76,42,95,29,7,10,178,516,11.0,178,516,11.0
2008-08-24,58,69,48,18,68,35,49,8,20,69,12,12,28,77,49,81,31,10,11,216,530,7.0,216,530,7.0
2008-08-31,51,78,47,15,81,21,55,6,18,72,14,6,19,66,54,77,35,4,8,220,496,11.0,220,496,11.0
2008-09-07,61,79,43,15,70,28,43,3,12,65,9,7,15,72,50,84,33,4,12,166,530,9.0,166,530,9.0
2008-09-14,64,73,36,11,57,31,65,4,22,55,9,12,20,65,39,89,34,4,8,163,527,8.0,163,527,8.0
2008-09-21,43,64,52,15,83,33,49,6,27,62,6,7,21,63,39,85,24,2,9,191,490,9.0,191,490,9.0
2008-09-28,51,74,47,9,73,20,48,1,24,84,8,4,18,69,38,86,32,11,12,156,546,7.0,156,546,7.0
2008-10-05,48,68,42,14,78,20,71,2,23,63,16,13,15,75,50,80,28,1,11,185,528,5.0,185,528,5.0
2008-10-12,49,59,30,22,51,18,49,12,20,59,11,13,12,55,37,74,27,7,11,147,463,6.0,147,463,6.0
2008-10-19,36,47,38,17,71,20,58,8,15,64,11,8,20,52,38,81,24,4,11,161,452,10.0,161,452,10.0
2008-10-26,55,50,65,16,63,17,42,5,22,62,20,5,21,74,50,110,25,4,17,170,549,4.0,170,549,4.0
2008-11-02,55,75,63,20,83,30,50,12,24,66,7,14,13,67,42,80,25,7,19,200,547,5.0,200,547,5.0
2008-11-09,50,70,49,13,72,33,64,8,27,74,16,12,19,42,52,85,32,3,5,219,496,11.0,219,496,11.0
2008-11-16,40,69,53,17,69,29,52,6,25,81,13,10,19,61,42,73,22,7,10,177,508,13.0,177,508,13.0
2008-11-23,36,59,44,13,54,31,45,6,19,75,8,7,17,58,31,74,19,7,15,163,451,4.0,163,451,4.0
2008-11-30,57,80,42,14,48,23,69,8,20,67,9,5,6,70,42,90,29,9,12,174,521,5.0,174,521,5.0
2008-12-07,46,60,60,19,70,34,63,12,25,68,11,12,18,59,56,83,23,10,12,192,544,5.0,192,544,5.0
2008-12-14,28,74,60,17,70,22,57,11,26,90,14,11,15,63,33,61,28,7,4,176,505,10.0,176,505,10.0
2008-12-21,49,60,60,16,66,26,56,8,24,90,11,13,23,69,40,87,32,8,15,208,529,16.0,208,529,16.0
2008-12-28,34,52,67,18,49,30,41,8,14,80,11,11,23,29,21,57,15,6,13,158,407,14.0,158,407,14.0
2009-01-04,19,35,33,10,21,9,24,9,11,52,10,8,22,20,24,34,12,3,7,126,231,6.0,126,231,6.0
2009-01-11,17,40,32,15,37,16,29,2,9,41,12,3,18,29,29,37,8,4,6,110,266,8.0,110,266,8.0
2009-01-18,40,36,43,9,34,15,52,4,5,42,7,8,10,33,22,68,17,7,2,124,325,5.0,124,325,5.0
2009-01-25,29,58,48,8,53,17,37,2,6,47,7,8,12,62,43,63,18,8,7,160,367,6.0,160,367,6.0
2009-02-01,25,45,53,15,53,19,47,5,6,52,8,3,13,45,26,73,22,6,9,154,361,10.0,154,361,10.0
2009-02-08,32,45,43,5,51,21,27,5,10,52,9,10,9,40,44,44,22,6,6,142,327,12.0,142,327,12.0
2009-02-15,33,49,47,11,42,17,37,11,8,39,6,8,15,40,35,77,28,5,9,123,392,2.0,123,392,2.0
2009-02-22,36,57,42,11,52,24,27,5,12,52,7,12,5,40,40,69,20,1,12,158,356,10.0,158,356,10.0
2009-03-01,43,65,42,9,59,26,38,3,12,39,9,9,11,46,48,64,27,8,8,173,381,12.0,173,381,12.0
2009-03-08,21,53,43,19,50,24,38,5,5,49,14,7,13,52,45,54,26,3,6,147,363,17.0,147,363,17.0
2009-03-15,42,41,43,11,54,30,29,0,4,37,17,8,11,44,26,62,24,6,7,132,359,5.0,132,359,5.0
2009-03-22,38,53,38,16,55,32,28,5,9,51,9,6,11,61,35,79,26,8,10,143,420,7.0,143,420,7.0
2009-03-29,39,52,40,11,51,29,31,5,9,50,4,10,11,53,31,64,20,3,9,133,382,7.0,133,382,7.0
2009-04-05,47,59,60,17,56,16,49,5,7,56,7,12,8,58,34,75,18,8,12,147,449,8.0,147,449,8.0
2009-04-12,28,33,29,5,25,12,27,2,5,36,5,7,9,28,23,37,17,1,6,85,250,0.0,85,250,0.0
2009-04-19,34,38,37,10,55,20,27,3,6,48,13,7,8,44,22,73,16,5,9,127,341,7.0,127,341,7.0
2009-04-26,40,44,43,16,56,19,31,4,13,63,14,8,7,54,38,76,21,5,11,160,391,12.0,160,391,12.0
2009-05-03,29,49,43,9,35,18,27,6,8,50,15,6,14,48,30,63,25,8,12,138,350,7.0,138,350,7.0
2009-05-10,46,60,41,9,52,20,40,3,11,45,15,4,11,42,35,71,18,4,13,127,407,6.0,127,407,6.0
2009-05-17,32,52,47,12,45,15,43,5,6,51,15,7,8,37,26,75,15,6,8,144,354,7.0,144,354,7.0
2009-05-24,31,52,49,13,43,22,34,4,12,43,6,3,11,37,35,67,16,6,9,154,332,7.0,154,332,7.0
2009-05-31,28,61,22,8,48,16,47,5,6,58,8,8,11,38,22,66,14,5,7,124,346,8.0,124,346,8.0
2009-06-07,37,64,35,12,46,26,41,2,4,62,6,10,7,59,34,75,31,5,9,128,431,6.0,128,431,6.0
2009-06-14,38,48,34,11,50,32,49,5,8,50,7,7,8,42,32,79,24,4,7,132,390,13.0,132,390,13.0
2009-06-21,24,47,38,12,43,18,45,4,9,40,12,1,11,48,31,62,19,9,5,129,339,10.0,129,339,10.0
2009-06-28,37,56,29,13,35,15,34,4,8,34,9,8,4,27,22,48,15,5,9,105,304,3.0,105,304,3.0
2009-07-05,24,51,31,9,41,22,33,8,5,40,11,8,8,50,30,52,21,4,11,128,326,5.0,128,326,5.0
2009-07-12,40,46,40,14,50,17,32,5,5,56,4,5,10,50,35,60,20,5,9,147,347,9.0,147,347,9.0
2009-07-19,32,45,38,17,48,25,48,6,8,42,7,9,7,32,38,57,28,3,7,126,363,8.0,126,363,8.0
2009-07-26,35,44,42,15,54,21,49,3,13,49,7,10,9,37,38,71,12,5,18,138,381,13.0,138,381,13.0
2009-08-02,38,67,56,12,32,27,34,1,14,42,16,9,13,37,32,68,23,8,3,165,354,13.0,165,354,13.0
2009-08-09,32,62,36,13,42,24,40,6,11,50,7,11,13,41,35,62,18,1,11,153,355,7.0,153,355,7.0
2009-08-16,36,66,36,16,57,25,42,4,7,45,11,12,15,54,35,66,10,8,5,143,406,1.0,143,406,1.0
2009-08-23,42,51,31,16,60,23,39,6,5,43,16,9,15,57,30,55,13,6,12,119,399,11.0,119,399,11.0
2009-08-30,34,44,30,11,54,24,31,4,9,46,5,6,6,56,30,60,22,6,3,144,334,3.0,144,334,3.0
2009-09-06,48,53,44,17,53,26,38,4,14,46,11,11,8,53,39,62,23,5,7,145,408,9.0,145,408,9.0
2009-09-13,35,47,36,14,55,27,32,7,16,49,11,10,13,41,28,56,20,2,5,152,337,15.0,152,337,15.0
2009-09-20,38,58,56,10,45,25,40,6,8,53,9,7,15,45,40,46,27,10,9,153,388,6.0,153,388,6.0
2009-09-27,39,44,38,11,52,20,29,6,3,53,8,8,9,35,32,46,19,4,10,153,308,5.0,153,308,5.0
2009-10-04,30,46,36,19,64,26,40,10,11,58,13,5,14,48,29,51,23,10,8,164,370,7.0,164,370,7.0
2009-10-11,35,58,34,11,31,18,52,4,6,41,11,9,8,49,33,52,19,6,5,140,334,8.0,140,334,8.0
2009-10-18,39,58,32,9,40,24,39,8,12,36,11,14,15,53,36,48,21,6,6,140,360,7.0,140,360,7.0
2009-10-25,32,59,43,11,48,26,41,5,10,52,10,9,16,46,39,62,32,4,9,170,373,11.0,170,373,11.0
2009-11-01,30,52,37,15,46,27,36,9,8,56,9,13,11,44,28,58,23,7,8,141,365,11.0,141,365,11.0
2009-11-08,38,56,34,17,64,33,35,5,9,49,12,8,10,44,33,57,31,2,7,172,361,11.0,172,361,11.0
2009-11-15,36,53,46,10,52,19,42,7,12,50,7,9,9,47,32,55,21,12,7,152,365,9.0,152,365,9.0
2009-11-22,29,48,38,4,55,20,38,4,11,40,11,9,15,39,24,65,25,10,12,179,315,3.0,179,315,3.0
2009-11-29,28,56,43,19,50,33,36,4,10,50,9,9,10,43,23,50,27,4,10,149,358,7.0,149,358,7.0
2009-12-06,45,72,54,8,62,26,51,4,11,45,5,9,13,56,36,51,24,9,7,174,400,14.0,174,400,14.0
2009-12-13,46,67,32,11,67,24,43,2,4,57,6,9,22,51,42,48,25,6,10,181,388,3.0,181,388,3.0
2009-12-20,35,56,45,19,52,26,38,7,10,47,11,7,9,46,31,55,32,5,11,173,362,7.0,173,362,7.0
2009-12-27,26,57,37,14,47,27,28,1,16,29,5,6,13,28,25,41,13,6,5,163,257,4.0,163,257,4.0
2010-01-03,20,32,30,5,40,15,30,7,9,30,8,6,6,19,17,32,15,2,1,107,211,6.0,107,211,6.0
2010-01-10,20,40,24,13,46,20,23,9,6,34,7,8,15,31,21,27,15,1,6,124,238,4.0,124,238,4.0
2010-01-17,26,57,18,14,64,23,34,4,8,38,6,8,14,42,21,47,21,5,3,125,320,8.0,125,320,8.0
2010-01-24,34,54,40,11,58,21,35,7,4,43,7,5,15,41,34,60,16,7,9,164,327,10.0,164,327,10.0
2010-01-31,36,62,37,13,51,19,39,5,11,49,14,13,15,45,35,56,17,9,8,218,307,9.0,218,307,9.0
2010-02-07,27,57,38,13,50,25,41,11,13,44,15,8,17,56,33,55,22,6,15,218,323,5.0,218,323,5.0
2010-02-14,42,63,34,10,62,24,38,1,15,57,8,14,14,49,37,49,15,11,11,180,370,4.0,180,370,4.0
2010-02-21,44,45,42,15,50,24,33,7,14,49,8,7,11,52,26,62,24,6,12,178,348,5.0,178,348,5.0
2010-02-28,39,71,45,17,63,22,35,7,11,52,11,12,13,62,32,79,27,6,7,207,393,11.0,207,393,11.0
2010-03-07,30,49,53,15,61,28,41,8,11,56,20,15,15,56,39,66,26,7,14,216,387,7.0,216,387,7.0
2010-03-14,48,63,44,10,52,28,30,8,6,55,16,13,14,58,23,56,23,8,11,190,368,8.0,190,368,8.0
2010-03-21,37,64,50,20,61,25,26,6,16,60,7,10,14,50,45,72,24,9,7,203,395,5.0,203,395,5.0
2010-03-28,43,47,34,12,62,28,37,7,16,54,12,12,10,41,37,55,37,6,7,180,371,6.0,180,371,6.0
2010-04-04,23,39,34,14,56,23,27,6,10,48,14,3,12,17,35,36,19,4,11,145,275,11.0,145,275,11.0
2010-04-11,36,55,43,7,70,20,43,4,14,55,5,11,6,41,34,76,31,6,14,159,401,11.0,159,401,11.0
2010-04-18,41,54,40,11,66,19,34,7,10,65,7,8,10,39,31,54,20,8,9,159,358,16.0,159,358,16.0
2010-04-25,35,49,34,11,66,29,45,6,8,50,18,11,11,58,35,60,36,7,8,168,399,10.0,168,399,10.0
2010-05-02,35,58,39,9,65,25,30,5,12,36,11,11,10,45,36,57,34,10,6,192,333,9.0,192,333,9.0
2010-05-09,41,61,43,15,90,48,43,8,11,44,10,13,9,51,31,71,31,11,6,238,389,10.0,238,389,10.0
2010-05-16,43,68,51,17,56,31,53,9,12,59,19,15,10,62,27,72,20,4,11,275,360,4.0,275,360,4.0
2010-05-23,44,66,48,14,59,27,43,6,12,60,8,15,10,56,36,47,26,11,8,221,368,7.0,221,368,7.0
2010-05-30,44,59,53,9,59,40,46,3,16,59,18,13,18,66,36,61,24,11,15,226,420,4.0,226,420,4.0
2010-06-06,34,71,50,20,54,26,51,7,15,68,20,5,11,51,46,68,42,10,20,263,401,5.0,263,401,5.0
2010-06-13,27,55,41,17,45,28,26,6,11,64,11,9,11,55,33,46,20,3,15,193,319,11.0,193,319,11.0
2010-06-20,34,71,50,21,45,16,48,6,9,36,13,13,16,50,33,65,32,7,7,200,367,5.0,200,367,5.0
2010-06-27,38,56,42,14,64,25,41,3,8,59,13,6,17,51,42,51,30,8,8,209,355,12.0,209,355,12.0
2010-07-04,30,60,42,17,46,36,42,4,7,48,7,10,14,41,37,43,24,3,18,190,333,6.0,190,333,6.0
2010-07-11,32,59,51,14,64,22,45,9,13,53,10,4,14,41,36,39,29,7,11,191,347,15.0,191,347,15.0
2010-07-18,35,60,44,17,54,17,38,7,11,61,14,12,15,44,28,55,19,5,11,173,363,11.0,173,363,11.0
2010-07-25,49,61,37,17,66,18,27,8,14,50,7,11,24,41,28,57,18,6,9,181,355,12.0,181,355,12.0
2010-08-01,37,62,49,13,64,31,32,5,16,46,11,9,13,37,41,59,17,4,9,173,374,8.0,173,374,8.0
2010-08-08,29,56,41,17,55,21,43,4,11,47,14,11,18,47,43,33,25,11,8,182,349,3.0,182,349,3.0
2010-08-15,31,51,48,11,50,27,37,6,14,44,13,13,13,49,42,46,33,6,7,193,342,6.0,193,342,6.0
2010-08-22,41,42,35,19,48,29,35,8,10,53,8,11,17,47,45,53,23,2,4,175,344,11.0,175,344,11.0
2010-08-29,32,53,48,19,54,44,28,5,13,52,8,11,15,57,43,57,27,7,8,198,376,7.0,198,376,7.0
2010-09-05,28,58,40,20,54,30,46,7,14,50,8,12,20,40,50,66,31,5,12,198,383,10.0,198,383,10.0
2010-09-12,31,72,21,17,51,18,39,6,15,56,7,12,13,55,39,62,31,5,6,196,352,8.0,196,352,8.0
2010-09-19,39,64,44,15,71,29,37,7,13,49,8,14,13,53,36,69,24,9,7,195,392,14.0,195,392,14.0
2010-09-26,28,52,31,18,78,31,31,4,16,50,9,7,12,43,35,60,19,2,11,180,348,9.0,180,348,9.0
2010-10-03,36,54,41,15,65,23,34,7,17,54,14,4,23,55,45,65,30,3,10,187,401,7.0,187,401,7.0
2010-10-10,32,60,46,18,62,24,37,4,9,62,7,7,15,58,28,65,23,4,10,195,366,10.0,195,366,10.0
2010-10-17,30,58,38,15,51,24,28,7,12,51,16,12,16,41,33,42,20,10,12,170,335,11.0,170,335,11.0
2010-10-24,33,50,25,6,58,23,43,2,7,45,13,6,12,34,24,58,25,8,7,136,337,6.0,136,337,6.0
2010-10-31,43,55,47,13,79,31,46,4,16,58,11,5,19,57,41,65,30,7,8,195,436,4.0,195,436,4.0
2010-11-07,36,48,35,14,62,29,27,8,10,55,11,12,15,42,27,55,20,9,5,151,360,9.0,151,360,9.0
2010-11-14,29,56,40,15,62,28,39,6,13,59,15,7,16,49,36,51,35,4,9,149,414,6.0,149,414,6.0
2010-11-21,30,51,28,21,61,21,42,1,5,53,12,14,18,41,37,50,20,5,7,169,340,8.0,169,340,8.0
2010-11-28,44,51,40,21,75,23,45,3,9,54,8,10,18,47,40,69,25,7,11,159,434,7.0,159,434,7.0
2010-12-05,40,61,40,9,74,40,42,4,6,66,14,10,8,44,38,79,28,7,9,191,418,10.0,191,418,10.0
2010-12-12,21,72,56,11,63,45,45,6,12,56,7,7,9,42,32,78,24,5,14,189,408,8.0,189,408,8.0
2010-12-19,29,67,49,14,71,42,42,3,14,75,11,21,18,45,41,76,24,10,7,188,460,11.0,188,460,11.0
2010-12-26,21,61,44,23,45,30,32,7,6,40,7,12,13,49,38,47,20,4,6,163,337,5.0,163,337,5.0
2011-01-02,16,50,33,18,44,22,23,5,12,54,5,4,8,30,22,38,22,1,5,137,268,7.0,137,268,7.0
2011-01-09,29,45,32,14,50,17,24,5,10,41,9,8,10,29,25,27,11,5,6,109,279,9.0,109,279,9.0
2011-01-16,22,40,36,13,67,18,31,9,7,54,7,6,18,33,28,41,14,9,9,150,305,7.0,150,305,7.0
2011-01-23,30,45,39,14,56,23,36,5,6,42,5,10,17,38,30,64,20,9,12,168,326,7.0,168,326,7.0
2011-01-30,27,58,32,11,52,21,40,7,14,35,5,10,17,44,37,66,20,3,7,152,345,9.0,152,345,9.0
2011-02-06,34,51,36,11,66,21,41,6,19,41,12,6,13,43,26,71,29,2,11,172,360,7.0,172,360,7.0
2011-02-13,38,63,49,10,72,20,43,9,13,39,6,7,13,53,41,68,20,4,16,178,398,8.0,178,398,8.0
2011-02-20,36,51,31,10,51,16,37,11,18,51,11,8,11,69,37,61,24,6,10,174,366,9.0,174,366,9.0
2011-02-27,36,60,43,19,70,27,39,4,15,59,9,6,15,55,22,63,30,8,8,167,413,8.0,167,413,8.0
2011-03-06,35,58,40,16,79,20,48,5,22,47,10,14,12,73,46,66,21,5,9,185,431,10.0,185,431,10.0
2011-03-13,36,52,41,12,68,20,40,11,18,42,15,8,15,48,43,67,23,4,8,177,379,15.0,177,379,15.0
2011-03-20,36,71,45,15,85,29,44,4,13,37,8,7,20,32,35,60,26,6,6,177,393,9.0,177,393,9.0
2011-03-27,33,65,38,6,57,20,41,3,13,49,12,11,6,45,40,70,20,9,7,178,357,10.0,178,357,10.0
2011-04-03,34,57,53,8,48,30,44,8,16,48,11,8,15,58,27,71,19,8,14,200,368,9.0,200,368,9.0
2011-04-10,34,52,32,10,65,25,58,6,18,44,8,6,16,54,29,57,21,0,10,165,368,12.0,165,368,12.0
2011-04-17,45,65,44,13,53,24,39,7,13,60,15,11,13,46,41,74,16,7,5,169,415,7.0,169,415,7.0
2011-04-24,25,48,29,3,44,19,38,6,12,45,8,6,13,30,23,33,18,4,7,149,253,9.0,149,253,9.0
2011-05-01,34,89,48,10,71,24,35,9,11,53,17,14,22,54,31,61,14,5,6,217,381,10.0,217,381,10.0
2011-05-08,37,71,38,16,64,37,49,1,14,50,10,17,13,50,39,71,25,6,9,195,416,6.0,195,416,6.0
2011-05-15,37,50,38,9,55,26,41,5,13,51,11,9,13,45,46,63,33,2,8,170,377,8.0,170,377,8.0
2011-05-22,43,64,41,17,71,28,36,6,14,51,18,10,12,52,35,58,23,4,7,195,383,12.0,195,383,12.0
2011-05-29,42,62,38,15,87,24,35,8,12,51,8,6,13,50,29,54,23,1,6,182,373,9.0,182,373,9.0
2011-06-05,29,66,37,17,57,33,42,8,18,62,7,7,17,39,31,66,17,3,11,199,361,7.0,199,361,7.0
2011-06-12,28,58,32,18,59,26,24,12,18,46,9,11,10,43,20,49,18,5,7,167,318,8.0,167,318,8.0
2011-06-19,27,63,38,11,76,33,50,7,12,66,8,10,14,49,43,48,27,5,8,169,420,6.0,169,420,6.0
2011-06-26,31,77,23,10,58,26,49,7,14,60,15,13,12,37,30,58,26,3,11,166,391,3.0,166,391,3.0
2011-07-03,28,50,29,10,73,22,42,2,14,49,13,11,12,31,26,44,12,5,8,175,300,6.0,175,300,6.0
2011-07-10,31,59,35,24,52,32,44,5,17,42,8,12,16,30,34,47,23,5,5,164,347,10.0,164,347,10.0
2011-07-17,26,53,40,16,73,25,59,3,7,37,5,10,11,35,42,64,16,3,7,165,362,5.0,165,362,5.0
2011-07-24,39,52,34,11,56,25,27,8,16,44,11,5,14,29,31,57,21,6,12,158,330,10.0,158,330,10.0
2011-07-31,32,73,41,20,61,40,53,7,16,51,10,8,13,48,39,65,20,6,10,191,414,8.0,191,414,8.0
2011-08-07,37,77,52,12,68,30,35,6,18,44,4,17,11,44,41,65,20,10,11,194,399,9.0,194,399,9.0
2011-08-14,39,57,45,11,58,29,45,8,12,58,20,17,15,56,36,50,25,8,11,205,386,9.0,205,386,9.0
2011-08-21,46,52,32,10,82,24,39,7,13,61,9,5,12,34,38,65,21,5,8,187,368,8.0,187,368,8.0
2011-08-28,39,58,35,12,61,34,31,5,15,59,6,7,7,43,39,47,22,11,9,186,348,6.0,186,348,6.0
2011-09-04,40,49,44,13,57,28,37,8,8,41,13,10,12,47,31,56,22,8,7,179,340,12.0,179,340,12.0
2011-09-11,48,64,42,15,56,26,50,7,15,38,6,9,9,47,38,69,26,5,5,191,374,10.0,191,374,10.0
2011-09-18,44,63,43,16,60,30,35,7,21,63,11,14,14,54,46,65,16,9,10,209,399,13.0,209,399,13.0
2011-09-25,35,75,41,9,61,34,38,0,9,60,8,7,12,46,39,57,17,9,14,193,371,7.0,193,371,7.0
2011-10-02,38,71,49,9,86,24,46,5,10,61,5,5,12,49,28,64,29,11,6,192,408,8.0,192,408,8.0
2011-10-09,33,74,52,12,56,29,41,5,14,51,10,12,15,50,26,60,25,8,6,176,395,8.0,176,395,8.0
2011-10-16,48,54,45,9,68,28,54,8,6,52,5,8,15,51,46,59,35,6,10,182,416,9.0,182,416,9.0
2011-10-23,54,61,46,11,55,28,41,7,12,49,10,16,17,45,35,56,15,7,6,157,410,4.0,157,410,4.0
2011-10-30,47,60,29,8,59,25,44,9,14,56,15,12,17,50,39,81,26,10,6,182,415,10.0,182,415,10.0
2011-11-06,42,60,45,9,62,39,55,6,15,58,12,14,13,48,47,72,25,7,6,185,444,6.0,185,444,6.0
2011-11-13,40,48,43,14,48,26,56,5,5,52,11,9,14,46,37,64,29,4,12,172,384,7.0,172,384,7.0
2011-11-20,48,63,41,8,72,37,49,5,9,62,7,8,8,54,36,61,27,5,9,162,438,9.0,162,438,9.0
2011-11-27,36,58,41,8,72,36,32,4,14,52,8,8,12,52,38,68,25,10,6,171,397,12.0,171,397,12.0
2011-12-04,39,68,35,16,49,34,45,6,11,46,4,8,12,47,36,57,21,4,4,165,369,8.0,165,369,8.0
2011-12-11,34,46,34,13,62,31,39,9,13,55,11,7,13,44,36,75,15,7,9,168,376,9.0,168,376,9.0
2011-12-18,42,61,47,15,56,39,66,4,11,55,11,12,7,58,50,72,33,8,5,174,471,7.0,174,471,7.0
2011-12-25,34,66,45,10,54,28,39,7,13,53,7,8,13,38,31,53,24,6,4,186,339,8.0,186,339,8.0
2012-01-01,22,63,31,7,44,25,42,5,6,43,7,5,11,26,22,36,18,3,6,126,289,7.0,126,289,7.0
2012-01-08,23,42,20,9,41,18,37,2,4,38,8,4,11,34,28,41,11,5,6,105,275,2.0,105,275,2.0
2012-01-15,19,46,17,7,47,15,36,4,11,31,6,6,8,33,23,39,16,4,7,118,252,5.0,118,252,5.0
2012-01-22,43,63,37,5,44,20,34,1,5,35,11,8,16,50,37,52,24,2,11,138,351,9.0,138,351,9.0
2012-01-29,45,82,50,11,71,31,43,3,14,51,8,11,15,65,39,75,32,6,5,231,422,4.0,231,422,4.0
2012-02-05,38,87,44,16,65,19,56,4,20,56,8,5,14,48,37,58,24,12,13,279,337,8.0,279,337,8.0
2012-02-12,37,74,38,15,79,31,65,4,10,49,13,8,18,46,47,67,22,4,14,216,419,6.0,216,419,6.0
2012-02-19,47,73,38,13,65,20,48,7,11,55,13,10,12,56,54,70,27,6,4,231,396,2.0,231,396,2.0
2012-02-26,42,77,36,14,73,24,49,2,16,47,6,9,13,59,34,78,30,7,6,247,371,4.0,247,371,4.0
2012-03-04,50,70,46,13,68,37,47,4,9,72,10,9,13,64,37,72,35,7,5,253,407,8.0,253,407,8.0
2012-03-11,39,92,44,17,80,27,44,5,15,55,13,8,12,55,30,65,30,5,5,228,406,7.0,228,406,7.0
2012-03-18,44,72,44,12,77,42,44,9,12,46,10,12,12,48,31,54,26,7,6,213,390,5.0,213,390,5.0
2012-03-25,35,61,42,13,78,32,51,5,12,67,9,11,10,40,35,54,15,10,6,185,397,4.0,185,397,4.0
2012-04-01,46,74,41,16,62,34,39,8,10,51,15,9,8,50,43,55,33,5,12,221,387,3.0,221,387,3.0
2012-04-08,27,55,25,5,48,28,28,2,13,26,8,12,7,26,21,53,22,7,6,136,276,7.0,136,276,7.0
2012-04-15,34,73,32,13,59,27,44,7,9,50,7,8,13,49,32,55,34,7,11,185,370,9.0,185,370,9.0
2012-04-22,31,77,47,12,72,37,44,6,10,57,7,8,12,44,34,56,31,10,11,219,379,8.0,219,379,8.0
2012-04-29,38,61,34,17,59,26,50,6,13,35,15,15,8,59,41,60,31,9,7,203,374,7.0,203,374,7.0
2012-05-06,26,73,31,18,51,25,48,8,6,42,14,6,15,44,30,56,23,6,12,207,320,7.0,207,320,7.0
2012-05-13,25,50,49,20,62,23,57,5,13,49,15,14,11,53,38,80,21,5,14,211,388,5.0,211,388,5.0
2012-05-20,48,66,37,18,66,20,28,8,9,36,14,6,16,44,37,61,31,6,12,206,354,3.0,206,354,3.0
2012-05-27,28,53,43,10,55,17,35,5,10,54,7,12,15,44,36,60,23,10,7,198,320,6.0,198,320,6.0
2012-06-03,34,64,52,10,66,27,43,3,8,51,10,14,12,48,31,75,32,8,8,211,384,1.0,211,384,1.0
2012-06-10,30,58,35,15,69,19,43,7,23,50,8,11,15,35,33,62,19,4,13,221,325,3.0,221,325,3.0
2012-06-17,33,46,39,12,62,27,41,2,13,32,13,11,10,24,35,69,23,6,9,170,331,6.0,170,331,6.0
2012-06-24,35,52,31,6,60,24,40,5,5,37,10,14,15,37,33,45,24,10,7,195,289,6.0,195,289,6.0
2012-07-01,30,53,45,4,66,25,43,6,16,34,14,6,11,41,32,55,19,5,5,160,349,1.0,160,349,1.0
2012-07-08,26,46,26,7,49,22,34,5,11,47,6,15,14,36,30,57,18,2,3,160,292,2.0,160,292,2.0
2012-07-15,38,73,47,10,67,28,57,2,11,57,9,10,15,42,39,57,28,4,8,185,408,9.0,185,408,9.0
2012-07-22,30,56,26,12,54,25,37,2,14,45,11,15,11,35,15,50,25,1,9,160,309,4.0,160,309,4.0
2012-07-29,43,72,25,13,65,26,44,3,14,62,13,10,11,47,33,61,30,3,7,195,382,5.0,195,382,5.0
2012-08-05,40,59,45,11,58,37,49,5,10,45,14,21,15,52,28,63,19,6,12,192,391,6.0,192,391,6.0
2012-08-12,41,78,29,11,50,29,32,9,8,45,9,8,17,27,27,58,20,10,8,188,325,3.0,188,325,3.0
2012-08-19,47,48,37,9,72,22,43,6,14,61,6,8,15,40,32,50,27,4,9,189,354,7.0,189,354,7.0
2012-08-26,36,43,26,9,56,27,40,7,9,46,8,7,12,40,31,57,23,8,8,187,302,4.0,187,302,4.0
2012-09-02,32,77,31,10,55,29,42,8,12,65,9,11,7,40,36,55,18,5,9,194,353,4.0,194,353,4.0
2012-09-09,43,77,41,13,76,21,45,6,14,59,9,8,14,49,43,54,21,3,6,231,369,2.0,231,369,2.0
2012-09-16,40,84,47,14,47,29,41,9,12,50,12,6,10,55,38,55,24,6,7,218,357,11.0,218,357,11.0
2012-09-23,41,67,33,6,60,23,37,7,14,53,7,6,15,45,47,62,22,6,12,191,367,5.0,191,367,5.0
2012-09-30,42,81,27,17,64,27,42,7,15,44,7,6,14,41,37,55,31,8,2,200,362,5.0,200,362,5.0
2012-10-07,39,69,47,13,83,25,52,2,12,47,20,14,12,54,44,66,19,9,9,226,408,2.0,226,408,2.0
2012-10-14,34,65,38,13,61,23,37,9,15,50,18,9,11,43,33,40,31,3,8,188,349,4.0,188,349,4.0
2012-10-21,40,74,29,11,60,21,40,8,8,49,9,7,10,27,38,60,25,7,5,158,365,5.0,158,365,5.0
2012-10-28,37,72,37,9,71,38,60,5,17,64,8,14,13,51,37,73,22,11,11,222,421,7.0,222,421,7.0
2012-11-04,30,70,39,14,65,34,39,3,10,56,11,15,20,49,37,67,24,10,13,203,398,5.0,203,398,5.0
2012-11-11,24,69,30,14,56,20,45,2,16,39,7,11,16,41,33,67,23,8,12,172,359,2.0,172,359,2.0
2012-11-18,46,76,48,22,59,18,45,8,14,44,10,6,17,44,29,56,24,7,10,166,415,2.0,166,415,2.0
2012-11-25,38,80,49,14,80,30,46,3,17,56,7,9,15,59,43,70,22,5,12,197,453,5.0,197,453,5.0
2012-12-02,43,79,46,17,73,24,48,4,16,74,17,9,17,45,42,92,18,11,10,227,451,7.0,227,451,7.0
2012-12-09,35,77,42,20,71,32,57,12,14,64,10,10,19,58,41,72,17,8,10,212,451,6.0,212,451,6.0
2012-12-16,43,57,45,19,90,30,44,14,14,58,15,11,15,50,43,72,21,8,10,213,442,4.0,213,442,4.0
2012-12-23,47,88,45,16,75,40,43,10,18,61,19,4,12,49,43,73,29,7,16,202,488,5.0,202,488,5.0
2012-12-30,38,61,33,17,48,20,38,6,9,48,15,8,10,19,33,45,16,0,9,145,323,5.0,145,323,5.0
2013-01-06,22,37,18,10,37,9,31,6,9,24,12,7,9,21,20,34,12,1,10,143,181,5.0,143,181,5.0
2013-01-13,24,57,44,16,62,20,39,5,18,51,14,6,9,27,28,44,14,2,3,173,307,3.0,173,307,3.0
2013-01-20,40,72,30,21,61,29,57,5,10,39,14,13,16,39,32,58,21,6,8,202,363,6.0,202,363,6.0
2013-01-27,46,61,38,14,65,29,41,9,24,60,11,13,10,48,37,66,19,4,20,220,384,11.0,220,384,11.0
2013-02-03,39,60,40,15,78,24,36,10,15,63,14,13,11,54,41,73,23,5,12,201,423,2.0,201,423,2.0
2013-02-10,37,74,39,16,77,21,55,2,21,45,17,10,13,51,40,74,21,4,18,216,414,5.0,216,414,5.0
2013-02-17,31,57,44,12,79,20,54,7,20,49,15,9,11,45,35,73,24,3,10,196,401,1.0,196,401,1.0
2013-02-24,43,55,42,10,70,27,31,5,12,53,18,12,19,44,32,56,13,5,13,197,361,2.0,197,361,2.0
2013-03-03,44,64,39,14,76,29,43,5,12,56,9,12,23,51,45,54,23,4,10,189,420,4.0,189,420,4.0
2013-03-10,33,64,38,19,63,17,55,5,12,54,12,17,13,41,40,53,18,6,14,186,384,4.0,186,384,4.0
2013-03-17,48,82,40,9,86,27,37,10,14,71,21,15,15,60,38,69,30,6,16,244,445,5.0,244,445,5.0
2013-03-24,58,74,36,6,72,15,58,2,11,48,16,14,13,62,38,65,20,2,6,196,417,3.0,196,417,3.0
2013-03-31,14,51,19,13,37,17,27,6,7,38,9,6,7,31,22,24,13,1,7,122,223,4.0,122,223,4.0
2013-04-07,50,60,35,17,53,21,47,6,13,45,11,13,13,48,37,73,21,8,13,190,388,6.0,190,388,6.0
2013-04-14,41,67,45,12,50,38,42,6,15,43,17,8,14,41,37,66,19,10,11,197,382,3.0,197,382,3.0
2013-04-21,43,79,53,13,76,31,40,5,15,49,7,19,15,57,34,57,29,7,3,208,421,3.0,208,421,3.0
2013-04-28,33,85,54,17,66,24,34,9,12,52,9,13,11,44,48,59,18,9,13,188,421,1.0,188,421,1.0
2013-05-05,42,62,50,14,67,26,58,7,20,55,17,14,17,47,26,67,10,7,7,184,426,3.0,184,426,3.0
2013-05-12,40,60,58,16,76,23,57,4,25,65,13,14,20,50,48,84,18,5,12,218,467,3.0,218,467,3.0
2013-05-19,40,58,40,12,59,29,55,2,15,49,8,11,15,43,27,46,14,5,12,158,379,3.0,158,379,3.0
2013-05-26,40,76,47,9,84,33,54,6,14,56,15,13,15,53,47,69,33,11,9,193,487,4.0,193,487,4.0
2013-06-02,33,58,41,14,53,24,68,6,10,57,15,15,10,46,33,57,22,5,15,195,383,4.0,195,383,4.0
2013-06-09,41,74,29,7,56,21,40,5,13,62,4,7,13,33,25,58,18,8,10,161,356,7.0,161,356,7.0
2013-06-16,38,72,38,19,60,22,45,4,18,38,10,16,13,44,36,55,13,6,10,183,369,5.0,183,369,5.0
2013-06-23,34,55,28,16,54,28,45,6,19,52,8,11,12,45,33,53,17,6,17,186,351,2.0,186,351,2.0
2013-06-30,37,56,30,14,51,19,48,5,19,44,17,10,15,45,40,41,17,7,14,164,362,3.0,164,362,3.0
2013-07-07,27,65,48,13,53,27,47,7,15,50,13,7,12,44,33,53,16,1,7,175,357,6.0,175,357,6.0
2013-07-14,40,55,45,9,55,23,53,8,20,46,16,12,14,37,40,42,25,5,16,187,368,6.0,187,368,6.0
2013-07-21,33,42,28,12,70,26,39,2,14,45,13,7,11,38,38,47,25,6,8,167,332,5.0,167,332,5.0
2013-07-28,32,54,29,17,53,30,53,6,14,37,7,13,12,32,33,47,26,4,8,177,322,8.0,177,322,8.0
2013-08-04,47,64,34,16,57,29,42,2,14,46,11,6,18,45,48,44,26,8,7,161,397,6.0,161,397,6.0
2013-08-11,50,49,36,10,65,22,41,4,14,44,8,9,12,39,33,56,24,6,8,171,356,3.0,171,356,3.0
2013-08-18,47,64,32,20,53,20,44,9,13,43,12,7,12,46,39,51,18,8,7,156,383,6.0,156,383,6.0
2013-08-25,41,60,28,11,56,21,27,7,20,50,10,4,9,50,36,56,12,9,7,155,356,3.0,155,356,3.0
2013-09-01,32,49,31,14,50,24,36,3,14,41,9,12,19,37,30,70,17,11,11,153,352,5.0,153,352,5.0
2013-09-08,25,54,51,14,50,24,44,6,17,51,10,11,17,52,32,72,17,7,8,144,412,6.0,144,412,6.0
2013-09-15,41,58,29,10,73,22,64,4,11,52,13,5,13,32,35,42,26,7,9,167,373,6.0,167,373,6.0
2013-09-22,30,66,43,13,56,42,46,10,16,48,8,11,9,42,37,61,24,8,8,185,386,7.0,185,386,7.0
2013-09-29,43,59,40,16,50,23,45,8,13,47,21,10,10,45,39,68,19,7,6,190,374,5.0,190,374,5.0
2013-10-06,41,65,37,15,58,24,50,5,21,54,8,15,18,52,40,54,28,5,12,184,411,7.0,184,411,7.0
2013-10-13,42,62,36,20,44,30,45,7,15,60,10,12,15,55,37,40,20,8,9,199,358,10.0,199,358,10.0
2013-10-20,34,45,37,6,51,23,49,7,19,53,11,6,15,37,21,54,15,5,11,171,324,4.0,171,324,4.0
2013-10-27,35,71,43,17,62,28,56,5,17,65,11,4,15,55,36,60,21,6,10,201,412,4.0,201,412,4.0
2013-11-03,48,70,39,9,69,27,60,6,17,61,12,17,14,43,35,61,18,5,15,205,418,3.0,205,418,3.0
2013-11-10,34,79,39,9,63,19,47,4,17,54,8,11,22,53,38,52,27,3,17,159,434,3.0,159,434,3.0
2013-11-17,34,57,39,9,59,26,49,9,18,45,7,9,25,47,36,45,20,6,14,185,363,6.0,185,363,6.0
2013-11-24,47,84,43,14,69,22,38,5,14,59,8,17,12,42,39,53,28,5,8,188,415,4.0,188,415,4.0
2013-12-01,48,61,35,19,74,35,59,6,13,63,9,9,18,47,54,60,17,9,10,194,449,3.0,194,449,3.0
2013-12-08,57,56,49,16,82,33,40,6,14,66,15,8,15,56,47,77,15,5,11,201,459,8.0,201,459,8.0
2013-12-15,44,56,53,19,56,29,51,6,9,58,11,9,16,53,52,63,21,8,13,200,418,9.0,200,418,9.0
2013-12-22,28,77,51,10,72,51,48,5,17,72,8,8,21,36,45,71,14,8,7,181,464,4.0,181,464,4.0
2013-12-29,28,45,33,23,44,17,40,5,11,34,10,11,11,28,27,34,10,4,8,133,281,9.0,133,281,9.0
2014-01-05,16,36,33,14,29,13,26,4,15,44,7,7,19,13,23,16,5,5,4,100,225,4.0,100,225,4.0
2014-01-12,26,58,30,10,41,14,29,8,9,34,4,8,11,29,22,40,11,3,3,113,274,3.0,113,274,3.0
2014-01-19,35,56,36,16,49,20,27,13,13,37,9,15,13,24,26,54,13,5,15,163,308,5.0,163,308,5.0
2014-01-26,33,55,52,12,59,20,33,5,22,67,10,11,27,40,27,47,21,4,6,176,367,8.0,176,367,8.0
2014-02-02,36,57,25,11,63,36,36,8,22,37,7,11,13,50,33,67,16,6,10,174,367,3.0,174,367,3.0
2014-02-09,41,67,48,11,50,19,42,3,14,62,16,12,8,44,51,66,20,6,11,195,390,6.0,195,390,6.0
2014-02-16,39,62,41,15,70,25,35,12,12,59,13,7,13,57,37,74,13,11,8,194,404,5.0,194,404,5.0
2014-02-23,38,79,44,13,56,25,38,5,15,69,9,7,14,49,29,65,19,16,6,182,406,8.0,182,406,8.0
2014-03-02,38,70,35,13,61,31,43,5,14,63,10,9,11,42,37,71,12,6,10,172,405,4.0,172,405,4.0
2014-03-09,45,65,37,18,59,19,54,4,12,66,8,12,24,66,35,73,17,7,11,202,423,7.0,202,423,7.0
2014-03-16,42,68,52,17,75,38,29,4,13,68,7,8,21,41,40,56,12,6,7,172,431,1.0,172,431,1.0
2014-03-23,42,72,36,16,51,24,41,6,24,63,15,10,19,52,34,70,24,2,10,187,415,9.0,187,415,9.0
2014-03-30,32,77,46,19,71,20,30,6,15,57,8,6,10,43,30,56,23,8,13,174,392,4.0,174,392,4.0
2014-04-06,43,64,49,14,56,27,36,7,20,58,10,7,17,53,34,58,30,5,11,163,432,4.0,163,432,4.0
2014-04-13,45,69,47,15,64,29,36,7,22,57,8,12,20,41,34,67,20,5,11,235,373,1.0,235,373,1.0
2014-04-20,26,54,28,14,39,25,35,5,11,47,11,9,13,27,20,36,17,4,8,130,295,4.0,130,295,4.0
2014-04-27,40,68,44,21,68,19,41,5,17,57,7,10,23,52,46,51,23,7,11,188,413,9.0,188,413,9.0
2014-05-04,46,56,52,23,59,23,46,3,17,55,11,20,19,43,40,58,25,3,10,193,413,3.0,193,413,3.0
2014-05-11,42,78,34,18,79,25,50,4,14,71,15,14,14,54,41,77,23,5,11,180,484,5.0,180,484,5.0
2014-05-18,33,75,35,20,71,20,46,6,14,57,14,6,14,33,33,64,23,5,3,186,380,6.0,186,380,6.0
2014-05-25,36,59,41,21,58,24,46,6,13,64,12,13,16,58,33,62,19,5,8,182,408,4.0,182,408,4.0
2014-06-01,49,77,43,8,69,23,42,8,14,72,9,12,21,41,45,62,21,2,15,213,419,1.0,213,419,1.0
2014-06-08,34,66,41,22,51,17,44,4,11,49,14,12,14,34,36,48,14,2,12,160,363,2.0,160,363,2.0
2014-06-15,32,75,55,18,72,30,53,14,14,54,13,8,19,34,41,58,15,4,3,193,416,3.0,193,416,3.0
2014-06-22,35,62,34,15,37,28,43,12,16,45,14,11,11,41,39,74,16,6,10,167,382,0.0,167,382,0.0
2014-06-29,27,53,23,15,50,19,32,5,16,58,8,10,25,34,22,60,11,5,6,144,328,7.0,144,328,7.0
2014-07-06,32,53,49,14,52,19,37,3,14,63,10,12,13,25,25,41,15,4,5,175,305,6.0,175,305,6.0
2014-07-13,30,71,40,12,47,18,31,5,18,59,14,10,12,32,30,57,13,4,10,147,362,4.0,147,362,4.0
2014-07-20,32,64,50,15,51,17,43,7,17,56,8,11,28,46,22,49,16,2,8,175,363,4.0,175,363,4.0
2014-07-27,29,61,50,20,63,17,33,3,20,64,15,9,21,36,38,51,9,1,7,188,356,3.0,188,356,3.0
2014-08-03,36,69,50,16,65,29,39,4,23,59,14,9,23,42,31,49,14,3,6,191,380,10.0,191,380,10.0
2014-08-10,33,68,50,11,57,21,39,5,15,71,10,11,12,35,38,49,18,1,7,179,369,3.0,179,369,3.0
2014-08-17,35,72,31,17,67,27,33,8,15,61,11,11,18,46,35,53,21,5,9,199,373,3.0,199,373,3.0
2014-08-24,36,63,33,17,46,19,37,8,11,55,21,10,15,38,26,54,11,6,9,171,341,3.0,171,341,3.0
2014-08-31,38,79,47,18,69,32,44,6,15,69,10,16,18,59,33,69,21,5,8,188,465,3.0,188,465,3.0
2014-09-07,33,79,52,14,62,12,50,15,19,68,10,9,17,46,44,71,16,4,7,202,422,4.0,202,422,4.0
2014-09-14,36,84,51,13,75,22,33,4,18,56,12,8,14,47,33,59,24,4,8,195,399,7.0,195,399,7.0
2014-09-21,49,65,46,15,68,34,62,8,17,59,12,13,17,62,42,66,20,8,9,191,472,9.0,191,472,9.0
2014-09-28,35,84,58,15,69,19,38,2,15,61,9,12,23,29,50,76,18,6,5,205,413,6.0,205,413,6.0
2014-10-05,41,63,50,11,61,28,34,11,11,48,11,11,17,40,30,40,17,8,9,170,362,9.0,170,362,9.0
2014-10-12,33,50,31,16,53,22,34,4,9,32,7,10,18,36,27,57,13,8,9,137,324,8.0,137,324,8.0
2014-10-19,29,67,35,8,49,15,35,8,5,49,10,9,18,36,25,65,19,1,9,169,314,9.0,169,314,9.0
2014-10-26,26,68,49,9,63,27,40,5,10,36,7,8,13,48,28,62,9,5,8,181,331,9.0,181,331,9.0
2014-11-02,42,69,37,14,79,23,41,8,14,52,10,7,8,57,34,68,15,4,15,161,431,5.0,161,431,5.0
2014-11-09,25,62,39,10,54,17,30,5,7,46,7,8,16,50,33,61,17,3,11,149,335,17.0,149,335,17.0
2014-11-16,32,59,38,6,48,30,32,6,17,41,4,7,18,36,36,62,16,3,4,155,330,10.0,155,330,10.0
2014-11-23,33,59,35,13,59,17,45,4,17,45,7,11,25,40,33,54,14,6,6,144,368,11.0,144,368,11.0
2014-11-30,42,61,44,14,52,24,46,3,23,41,14,10,11,44,31,66,12,11,12,187,357,17.0,187,357,17.0
2014-12-07,36,56,51,12,55,22,37,1,16,48,6,7,14,50,40,69,18,3,12,168,377,8.0,168,377,8.0
2014-12-14,48,51,43,14,53,21,39,2,15,42,8,13,16,27,35,69,7,5,2,136,364,10.0,136,364,10.0
2014-12-21,29,56,54,11,64,34,46,6,19,46,14,10,15,41,33,65,19,6,8,172,395,9.0,172,395,9.0
2014-12-28,35,51,35,10,46,25,38,4,8,39,9,5,14,23,26,38,11,3,7,132,286,9.0,132,286,9.0
2015-01-04,15,42,12,5,41,16,22,7,10,34,6,7,11,17,12,17,10,2,4,102,187,1.0,102,187,1.0
2015-01-11,22,38,20,9,55,19,35,4,8,29,7,9,9,20,18,26,14,3,6,122,223,6.0,122,223,6.0
2015-01-18,28,45,42,17,58,13,32,3,8,47,10,14,11,41,23,40,11,3,6,145,297,10.0,145,297,10.0
2015-01-25,26,52,30,25,56,18,30,2,21,35,7,10,17,25,28,49,18,3,5,156,291,10.0,156,291,10.0
2015-02-01,39,65,35,13,53,27,30,3,13,47,14,11,11,36,27,62,21,6,2,175,332,8.0,175,332,8.0
2015-02-08,39,49,33,12,43,18,40,7,10,40,7,7,18,40,30,72,16,1,9,160,324,7.0,160,324,7.0
2015-02-15,20,61,32,13,57,18,45,4,16,49,9,12,19,36,27,63,21,4,9,171,339,5.0,171,339,5.0
2015-02-22,40,75,44,10,65,20,40,2,15,55,12,8,15,44,46,69,22,5,11,202,388,8.0,202,388,8.0
2015-03-01,31,66,38,18,67,16,49,9,17,46,12,10,11,47,32,72,17,4,4,181,373,12.0,181,373,12.0
2015-03-08,34,61,53,18,58,14,34,1,15,43,17,8,20,32,26,47,24,5,9,182,326,11.0,182,326,11.0
2015-03-15,37,63,38,17,65,23,50,5,16,46,10,15,18,36,26,73,13,5,1,196,357,4.0,196,357,4.0
2015-03-22,41,65,43,18,64,22,46,2,27,42,12,6,11,34,31,66,12,3,4,205,339,5.0,205,339,5.0
2015-03-29,30,59,33,17,48,21,26,2,11,41,6,9,14,33,27,54,16,1,5,166,278,9.0,166,278,9.0
2015-04-05,18,40,25,11,36,18,27,5,13,33,10,9,17,22,17,30,12,6,11,134,216,10.0,134,216,10.0
2015-04-12,35,60,43,9,54,24,28,4,10,43,9,6,17,29,34,45,19,3,10,181,294,7.0,181,294,7.0
2015-04-19,33,67,42,14,73,27,48,3,17,62,20,13,13,49,24,60,25,3,5,190,392,16.0,190,392,16.0
2015-04-26,24,73,29,16,54,23,43,8,11,44,15,7,11,38,23,66,18,3,8,158,343,13.0,158,343,13.0
2015-05-03,27,72,39,20,50,22,35,8,17,45,15,9,17,32,36,44,17,3,8,195,310,11.0,195,310,11.0
2015-05-10,40,67,48,14,71,11,28,4,16,57,15,8,14,38,30,70,14,4,9,191,358,9.0,191,358,9.0
2015-05-17,25,68,40,12,62,24,41,8,18,57,18,6,18,47,29,45,24,4,8,185,355,14.0,185,355,14.0
2015-05-24,33,50,30,13,36,20,28,9,10,49,10,12,11,34,28,47,19,1,3,160,269,14.0,160,269,14.0
2015-05-31,34,58,37,18,69,32,42,6,12,47,24,4,8,47,34,57,23,4,10,188,361,17.0,188,361,17.0
2015-06-07,44,67,48,16,57,28,41,15,33,76,20,11,28,41,49,60,20,4,22,244,426,10.0,244,426,10.0
2015-06-14,37,55,25,20,65,19,50,9,26,59,11,11,14,31,26,56,19,2,14,188,355,6.0,188,355,6.0
2015-06-21,24,51,34,17,59,20,34,5,29,61,12,9,16,34,32,56,17,8,14,187,336,9.0,187,336,9.0
2015-06-28,27,61,37,16,61,23,38,10,27,59,11,8,25,34,37,57,20,4,20,175,390,10.0,175,390,10.0
2015-07-05,30,66,35,18,56,12,35,7,26,55,14,10,12,26,31,60,12,7,11,202,312,9.0,202,312,9.0
2015-07-12,22,70,41,15,65,20,42,17,25,72,15,10,20,34,29,64,14,5,21,204,386,11.0,204,386,11.0
2015-07-19,52,58,35,26,64,20,60,20,35,58,17,13,20,40,29,70,22,7,12,208,441,9.0,208,441,9.0
2015-07-26,35,59,29,23,74,20,46,8,31,60,18,14,17,38,34,48,23,3,16,226,361,9.0,226,361,9.0
2015-08-02,32,51,41,25,55,18,34,5,25,52,19,14,17,45,36,58,15,2,11,206,340,9.0,206,340,9.0
2015-08-09,36,39,28,12,57,20,34,10,21,55,11,10,18,39,26,47,12,3,17,200,286,9.0,200,286,9.0
2015-08-16,30,63,34,16,62,20,36,10,33,64,16,13,17,29,38,75,19,7,18,220,372,8.0,220,372,8.0
2015-08-23,25,59,33,20,59,12,36,7,27,51,14,11,18,37,39,59,14,3,18,187,349,6.0,187,349,6.0
2015-08-30,43,72,39,16,67,17,48,8,19,70,14,12,25,39,40,52,17,3,24,230,385,10.0,230,385,10.0
2015-09-06,44,64,49,15,73,30,43,8,33,72,20,13,26,33,32,74,15,4,16,245,408,11.0,245,408,11.0
2015-09-13,23,75,47,21,68,15,49,10,29,89,13,12,24,40,38,62,17,5,20,238,410,9.0,238,410,9.0
2015-09-20,31,71,46,18,63,10,54,8,19,59,19,10,20,43,42,72,10,4,13,211,392,9.0,211,392,9.0
2015-09-27,25,61,40,20,80,15,49,8,20,64,19,8,23,32,38,77,16,9,13,210,389,18.0,210,389,18.0
2015-10-04,41,45,36,15,81,19,49,10,26,80,16,6,21,23,28,57,23,7,22,206,395,4.0,206,395,4.0
2015-10-11,29,50,43,14,58,20,33,10,28,38,18,12,24,44,31,44,14,3,12,198,308,19.0,198,308,19.0
2015-10-18,40,50,32,17,62,15,38,13,23,65,17,11,19,34,29,59,18,4,18,185,373,6.0,185,373,6.0
2015-10-25,38,60,38,19,78,27,59,15,28,67,26,14,18,30,44,71,15,6,16,229,426,14.0,229,426,14.0
2015-11-01,32,59,35,23,62,20,42,11,21,64,18,10,25,47,42,64,15,2,13,240,355,10.0,240,355,10.0
2015-11-08,42,64,33,16,59,16,68,6,21,62,15,11,19,37,25,61,14,5,16,135,444,11.0,135,444,11.0
2015-11-15,26,62,41,23,59,29,46,13,21,68,11,9,19,31,37,61,13,11,15,177,405,13.0,177,405,13.0
2015-11-22,43,65,43,19,63,21,32,10,23,59,16,10,13,29,34,54,22,1,15,153,410,9.0,153,410,9.0
2015-11-29,40,68,48,19,61,20,51,4,25,71,18,11,29,34,45,62,11,6,17,194,437,9.0,194,437,9.0
2015-12-06,33,63,50,18,63,26,52,5,20,71,9,12,23,40,32,49,11,3,4,191,378,15.0,191,378,15.0
2015-12-13,41,62,42,18,71,17,44,9,19,61,13,6,27,29,35,55,19,7,13,186,383,19.0,186,383,19.0
2015-12-20,38,54,54,17,57,16,54,8,30,73,12,6,10,32,35,48,11,6,18,165,400,14.0,165,400,14.0
2015-12-27,27,63,41,15,50,18,40,3,21,50,14,5,14,20,34,41,13,1,6,129,340,7.0,129,340,7.0
2016-01-03,18,45,24,12,37,6,18,10,19,34,11,10,13,11,19,25,8,4,12,114,215,7.0,114,215,7.0
2016-01-10,20,47,33,11,47,10,34,6,16,44,10,8,17,23,21,36,12,2,14,145,254,12.0,145,254,12.0
2016-01-17,25,54,34,11,61,14,34,9,27,48,13,16,14,20,40,39,10,1,16,167,309,10.0,167,309,10.0
2016-01-24,24,57,31,13,58,13,38,11,28,60,19,4,18,25,24,48,11,6,7,178,314,3.0,178,314,3.0
2016-01-31,28,58,49,19,66,14,34,11,28,63,18,8,27,51,28,60,15,0,8,193,374,18.0,193,374,18.0
2016-02-07,30,55,41,20,88,24,45,5,25,58,16,12,16,36,23,55,20,4,16,194,389,6.0,194,389,6.0
2016-02-14,34,62,41,20,73,14,59,8,27,86,20,9,19,53,35,58,15,2,12,206,431,10.0,206,431,10.0
2016-02-21,36,65,42,18,82,21,38,9,25,66,17,6,25,41,34,53,17,4,18,209,397,11.0,209,397,11.0
2016-02-28,44,63,53,22,98,16,37,11,39,74,16,6,15,41,24,53,18,5,10,204,432,9.0,204,432,9.0
2016-03-06,33,68,49,18,69,23,48,6,28,68,20,17,28,48,37,72,23,4,11,212,450,8.0,212,450,8.0
2016-03-13,57,65,39,22,72,18,49,11,27,60,13,11,30,38,38,69,15,4,10,204,431,13.0,204,431,13.0
2016-03-20,34,63,38,21,88,24,53,9,24,92,11,14,29,42,34,57,16,5,11,219,431,15.0,219,431,15.0
2016-03-27,19,47,30,14,37,9,29,9,14,56,9,8,18,24,11,29,11,6,20,133,261,6.0,133,261,6.0
2016-04-03,41,77,53,20,76,21,55,5,32,75,11,12,25,37,44,50,21,5,15,205,458,12.0,205,458,12.0
2016-04-10,42,76,47,22,86,24,49,12,28,84,11,9,27,47,28,46,13,4,18,207,458,8.0,207,458,8.0
2016-04-17,38,76,42,17,76,10,32,5,26,75,12,12,29,43,38,57,8,2,12,192,407,11.0,192,407,11.0
2016-04-24,35,78,34,14,68,20,52,6,21,72,12,8,27,53,33,54,22,4,14,186,431,10.0,186,431,10.0
2016-05-01,40,88,42,14,71,16,56,5,18,78,16,15,24,45,33,55,17,4,8,173,462,10.0,173,462,10.0
2016-05-08,33,71,52,16,73,19,59,6,24,91,12,10,34,55,33,68,22,3,6,209,462,16.0,209,462,16.0
2016-05-15,34,67,28,10,90,14,55,6,29,71,18,12,25,51,33,65,20,6,12,191,442,13.0,191,442,13.0
2016-05-22,33,72,53,12,103,28,55,3,35,64,13,19,37,49,35,58,22,5,8,220,477,7.0,220,477,7.0
2016-05-29,29,71,42,21,84,21,58,12,40,76,14,18,18,45,28,76,21,6,8,200,480,8.0,200,480,8.0
2016-06-05,30,60,44,17,72,9,59,8,23,80,12,12,21,46,28,56,9,1,8,185,398,12.0,185,398,12.0
2016-06-12,39,85,51,22,74,22,55,12,31,79,18,9,17,36,31,62,20,2,10,191,468,16.0,191,468,16.0
2016-06-19,30,68,31,15,53,23,68,9,31,78,21,10,25,41,33,63,22,3,7,201,419,11.0,201,419,11.0
2016-06-26,31,52,41,19,59,27,58,5,28,71,11,12,16,50,30,54,14,5,5,187,386,15.0,187,386,15.0
2016-07-03,31,72,52,12,54,25,58,5,28,65,17,19,40,49,35,45,18,4,8,202,427,8.0,202,427,8.0
2016-07-10,22,65,43,20,77,16,58,8,35,72,15,10,24,38,34,33,14,4,14,189,400,13.0,189,400,13.0
2016-07-17,36,60,42,19,56,18,50,6,22,60,19,11,27,44,34,50,20,6,6,186,393,7.0,186,393,7.0
2016-07-24,36,79,32,12,60,20,54,8,27,63,12,12,27,38,36,48,25,3,4,186,403,7.0,186,403,7.0
2016-07-31,30,78,41,14,70,24,63,6,19,64,18,12,21,43,35,56,19,2,5,176,430,14.0,176,430,14.0
2016-08-07,25,74,36,10,72,17,53,5,29,62,13,13,25,47,36,63,19,5,15,193,414,12.0,193,414,12.0
2016-08-14,33,73,53,10,53,25,52,11,30,72,17,14,32,35,38,46,27,5,12,186,435,17.0,186,435,17.0
2016-08-21,41,70,42,22,68,15,52,11,26,77,16,12,29,58,29,49,16,3,6,186,447,9.0,186,447,9.0
2016-08-28,44,74,49,19,82,21,47,5,29,76,12,8,31,44,41,53,27,3,9,201,461,12.0,201,461,12.0
2016-09-04,31,78,42,19,63,16,67,6,29,61,15,14,28,42,46,50,22,4,9,193,438,11.0,193,438,11.0
2016-09-11,31,74,47,17,67,19,60,10,33,70,17,13,27,58,28,58,19,9,9,187,465,14.0,187,465,14.0
2016-09-18,35,65,46,19,73,23,62,5,34,68,20,13,26,59,34,61,23,7,13,221,454,11.0,221,454,11.0
2016-09-25,41,80,40,16,83,26,57,13,33,68,22,11,33,32,24,61,26,4,6,217,448,11.0,217,448,11.0
2016-10-02,39,78,47,18,75,20,67,13,26,84,18,10,28,65,33,71,17,7,10,219,502,5.0,219,502,5.0
2016-10-09,36,71,54,14,60,14,63,7,30,84,21,14,21,61,36,61,17,7,3,218,444,12.0,218,444,12.0
2016-10-16,28,86,52,17,65,13,64,14,34,82,16,13,27,46,32,50,20,4,14,217,441,19.0,217,441,19.0
2016-10-23,31,65,45,18,71,21,43,8,33,64,21,9,21,57,42,56,16,7,6,184,440,10.0,184,440,10.0
2016-10-30,43,86,48,19,94,18,63,9,34,72,16,10,22,65,35,68,20,6,9,208,519,10.0,208,519,10.0
2016-11-06,44,77,57,25,87,30,62,12,26,81,11,6,21,53,47,70,21,6,4,203,524,13.0,203,524,13.0
2016-11-13,37,85,44,22,63,22,50,15,32,84,18,20,33,53,40,75,19,1,13,194,523,9.0,194,523,9.0
2016-11-20,41,78,52,18,66,28,67,6,39,77,16,10,39,65,35,61,12,7,15,177,542,13.0,177,542,13.0
2016-11-27,34,68,50,21,82,18,63,7,36,85,11,11,26,48,33,60,17,2,11,175,504,4.0,175,504,4.0
2016-12-04,27,74,46,13,85,12,66,10,35,73,13,11,22,45,26,54,23,6,13,177,469,8.0,177,469,8.0
2016-12-11,25,73,55,19,60,26,62,5,28,68,16,14,25,49,31,62,21,7,5,169,469,13.0,169,469,13.0
2016-12-18,29,75,45,17,73,24,62,5,38,83,20,8,22,41,35,59,8,5,8,153,496,8.0,153,496,8.0
2016-12-25,22,66,49,16,57,20,46,8,31,63,17,9,16,46,27,60,16,4,8,148,418,15.0,148,418,15.0
2017-01-01,25,54,37,19,60,16,51,9,18,53,16,11,28,24,12,42,12,1,12,140,354,6.0,140,354,6.0
2017-01-08,20,38,42,15,35,8,30,13,16,48,14,5,10,24,21,39,6,1,11,133,257,6.0,133,257,6.0
2017-01-15,32,50,33,15,59,12,37,9,22,53,18,13,15,28,31,43,11,6,13,156,338,6.0,156,338,6.0
2017-01-22,33,69,37,11,58,19,40,1,26,97,22,13,15,38,21,60,20,0,10,174,410,6.0,174,410,6.0
2017-01-29,40,45,47,18,62,18,49,9,22,97,14,14,17,40,35,64,13,2,10,157,447,12.0,157,447,12.0
2017-02-05,43,61,54,17,75,12,62,8,23,101,17,6,26,37,32,58,19,8,13,195,459,18.0,195,459,18.0
2017-02-12,30,93,46,27,66,25,56,13,35,104,23,6,30,47,46,85,17,9,20,240,524,14.0,240,524,14.0
2017-02-19,46,64,56,16,65,24,52,15,22,99,13,9,32,60,40,58,26,10,13,201,515,4.0,201,515,4.0
2017-02-26,57,80,43,21,78,20,70,13,32,82,20,13,23,56,36,60,25,7,15,209,524,18.0,209,524,18.0
2017-03-05,40,67,56,24,58,22,57,11,25,98,23,13,22,52,31,66,19,2,9,212,475,8.0,212,475,8.0
2017-03-12,28,74,51,18,78,22,54,8,27,102,23,10,19,55,32,62,16,5,12,183,503,10.0,183,503,10.0
2017-03-19,36,76,47,18,68,22,78,11,24,86,16,10,32,42,33,71,23,4,13,199,501,10.0,199,501,10.0
2017-03-26,32,76,41,22,77,22,62,20,29,76,21,14,26,35,38,71,25,1,8,193,496,7.0,193,496,7.0
2017-04-02,52,83,49,22,85,18,65,17,25,96,21,15,26,42,30,77,27,3,17,190,575,5.0,190,575,5.0
2017-04-09,43,79,50,19,65,15,67,10,23,82,22,12,19,41,25,70,25,11,20,190,498,10.0,190,498,10.0
2017-04-16,21,35,21,16,39,9,31,10,19,56,18,4,18,22,14,36,12,7,4,116,271,5.0,116,271,5.0
2017-04-23,31,65,30,15,69,24,61,20,18,83,19,13,29,56,32,66,16,2,11,173,474,13.0,173,474,13.0
2017-04-30,42,73,46,25,69,24,49,17,32,84,14,13,23,40,32,83,29,3,16,213,492,9.0,213,492,9.0
2017-05-07,47,81,50,22,71,27,48,5,26,90,14,18,28,37,33,70,20,7,9,193,502,8.0,193,502,8.0
2017-05-14,56,90,54,24,67,23,66,18,28,93,19,8,34,46,46,66,23,5,10,186,583,7.0,186,583,7.0
2017-05-21,49,71,57,19,85,22,64,14,35,89,18,11,27,50,38,69,29,3,13,229,519,15.0,229,519,15.0
2017-05-28,32,68,45,17,59,18,50,18,32,85,9,9,18,44,39,67,21,5,8,197,434,13.0,197,434,13.0
2017-06-04,19,48,42,10,75,18,57,10,17,72,15,9,19,30,32,52,24,5,10,157,391,16.0,157,391,16.0
2017-06-11,30,66,40,16,73,17,57,12,21,72,16,12,15,28,31,73,17,4,8,167,432,9.0,167,432,9.0
2017-06-18,34,65,39,20,61,20,45,10,27,73,13,9,28,33,34,44,18,2,6,154,419,8.0,154,419,8.0
2017-06-25,30,47,37,10,60,19,45,6,21,66,15,10,16,28,31,41,14,2,13,142,355,14.0,142,355,14.0
2017-07-02,25,44,34,10,67,19,42,6,19,59,14,11,15,25,23,24,16,1,5,154,296,9.0,154,296,9.0
2017-07-09,29,50,21,15,60,24,61,12,28,52,14,12,18,28,21,42,17,4,5,141,366,6.0,141,366,6.0
2017-07-16,20,62,29,15,59,27,49,8,20,78,17,14,24,39,30,59,17,3,6,159,402,15.0,159,402,15.0
2017-07-23,33,61,46,19,61,13,61,11,28,62,9,7,13,35,34,34,17,3,5,154,387,11.0,154,387,11.0
2017-07-30,42,68,48,16,55,18,57,9,18,89,14,9,18,31,38,51,17,4,8,193,410,7.0,193,410,7.0
2017-08-06,39,63,53,15,66,20,57,6,27,69,7,14,17,36,41,55,24,4,3,180,425,11.0,180,425,11.0
2017-08-13,35,65,44,13,61,26,56,10,21,57,6,16,25,24,31,39,22,3,12,179,376,11.0,179,376,11.0
2017-08-20,47,63,41,15,80,19,47,7,32,69,13,8,18,40,25,54,24,7,5,188,414,12.0,188,414,12.0
2017-08-27,22,65,47,11,57,16,42,10,20,67,19,10,14,33,26,60,7,4,8,168,358,12.0,168,358,12.0
2017-09-03,41,65,52,13,91,16,73,10,35,76,14,12,19,47,32,62,17,8,11,212,475,7.0,212,475,7.0
2017-09-10,37,72,34,14,61,12,52,5,19,63,15,14,19,30,26,48,16,4,3,163,374,7.0,163,374,7.0
2017-09-17,33,70,42,12,76,22,48,7,20,67,15,15,23,41,34,51,25,6,8,205,400,10.0,205,400,10.0
2017-09-24,36,49,45,10,62,21,45,9,16,50,10,13,24,26,32,43,10,5,5,159,337,15.0,159,337,15.0
2017-10-01,20,42,25,5,26,12,17,1,7,19,2,2,7,24,20,24,7,3,4,91,176,,91,176,
