,TOTAL_ACCIDENTES,GRAVEDAD,GRAVEDAD,GRAVEDAD,CLASE,CLASE,CLASE,CLASE,CLASE,CLASE,CLASE,LOCALIDAD,LOCALIDAD,LOCALIDAD,LOCALIDAD,LOCALIDAD,LOCALIDAD,LOCALIDAD,LOCALIDAD,LOCALIDAD,LOCALIDAD,LOCALIDAD,LOCALIDAD,LOCALIDAD,LOCALIDAD,LOCALIDAD,LOCALIDAD,LOCALIDAD,LOCALIDAD,LOCALIDAD,DIA_SEMANA_OCURRENCIA,DIA_SEMANA_OCURRENCIA,DIA_SEMANA_OCURRENCIA,DIA_SEMANA_OCURRENCIA,DIA_SEMANA_OCURRENCIA,DIA_SEMANA_OCURRENCIA,DIA_SEMANA_OCURRENCIA
,,SOLO DANOS,CON HERIDOS,CON MUERTOS,CHOQUE,ATROPELLO,VOLCAMIENTO,OTRO,CAIDA DE OCUPANTE,INCENDIO,AUTOLESION,KENNEDY,ENGATIVA,FONTIBON,SUBA,PUENTE ARANDA,CHAPINERO,TEUSAQUILLO,USAQUEN,LOS MARTIRES,SANTA FE,BARRIOS UNIDOS,RAFAEL URIBE URIBE,BOSA,SAN CRISTOBAL,TUNJUELITO,CIUDAD BOLIVAR,ANTONIO NARIÑO,USME,CANDELARIA,Jueves,Miercoles,Martes,Viernes,Domingo,Sábado,Lunes
FECHA_OCURRENCIA,,,,,,,,,,,,,,,,,,,,,,,,,,,,,,,,,,,,,
2007-01-07,473,250,216,7,350,61,33,20,9,0,0,75,48,47,36,31,28,28,25,20,20,18,17,16,14,13,12,12,10,3,81,76,71,70,64,61,50
2007-01-14,496,299,191,6,383,64,23,15,11,0,0,66,63,28,46,23,45,25,44,16,20,29,11,15,13,14,18,6,10,4,77,73,59,95,56,90,46
2007-01-21,675,372,292,11,499,83,39,37,17,0,0,86,63,56,60,36,45,32,76,26,25,44,24,18,21,22,16,11,10,4,95,101,100,91,73,114,101
2007-01-28,685,398,280,7,499,95,28,46,17,0,0,83,53,44,71,46,55,41,69,27,32,34,19,25,21,15,25,15,7,3,112,118,108,98,70,94,85
2007-02-04,702,389,301,12,514,96,25,45,22,0,0,82,57,47,54,47,56,50,76,25,24,49,19,25,17,25,22,16,8,3,69,103,104,135,77,117,97
2007-02-11,724,433,280,11,556,105,9,39,15,0,0,64,66,41,50,58,85,59,78,22,34,34,20,24,12,23,22,19,10,3,96,106,91,126,67,111,127
2007-02-18,790,478,303,9,596,106,21,50,17,0,0,94,54,50,77,53,80,52,85,21,27,55,17,19,16,18,33,20,11,8,103,127,120,127,92,123,98
2007-02-25,798,456,333,9,616,99,28,39,16,0,0,98,66,39,79,55,78,49,94,24,26,50,23,22,26,13,26,17,5,8,112,108,116,134,75,127,126
2007-03-04,772,440,318,14,569,106,21,57,19,0,0,91,64,47,77,44,70,57,67,22,29,53,31,7,25,20,27,18,10,13,114,113,101,127,61,146,110
2007-03-11,696,405,282,9,500,122,16,41,17,0,0,80,70,41,70,48,71,40,63,18,22,56,30,14,13,17,15,11,7,10,115,88,115,111,52,115,100
2007-03-18,758,436,314,8,563,101,28,46,20,0,0,82,62,44,73,50,73,49,77,29,26,50,25,20,21,15,34,15,8,5,112,91,130,111,88,111,115
2007-03-25,723,423,290,10,563,85,11,41,23,0,0,91,72,41,54,43,69,47,79,30,32,46,17,17,13,15,27,14,12,4,112,112,127,121,68,125,58
2007-04-01,704,398,293,13,528,102,15,38,21,0,0,75,62,50,60,44,54,41,82,22,29,39,24,25,13,14,34,21,9,6,100,109,93,109,76,111,106
2007-04-08,501,265,230,6,361,80,15,39,6,0,0,77,53,41,38,22,28,33,45,27,17,21,13,19,11,15,28,5,2,6,74,94,109,39,47,43,95
2007-04-15,686,379,299,8,508,97,16,48,17,0,0,74,62,51,57,54,66,49,60,25,27,44,16,17,18,20,21,10,9,6,93,98,99,111,88,112,85
2007-04-22,771,475,290,6,591,105,8,49,18,0,0,80,78,52,78,58,70,39,77,28,32,60,23,21,14,19,16,11,8,7,119,101,122,121,69,123,116
2007-04-29,744,441,294,9,559,106,9,59,11,0,0,86,74,48,77,56,66,57,63,32,22,46,18,15,11,14,29,10,8,12,114,105,107,134,92,104,88
2007-05-06,692,387,299,6,514,99,14,51,14,0,0,70,79,49,75,40,47,47,63,17,41,48,24,18,20,17,22,4,4,7,98,115,65,109,65,118,122
2007-05-13,729,417,301,11,562,102,13,31,21,0,0,72,81,46,61,44,74,48,82,28,24,49,20,15,19,13,22,15,11,5,115,99,106,96,63,144,106
2007-05-20,726,425,291,10,554,100,14,39,19,0,0,81,70,59,56,48,57,58,77,25,28,44,23,18,15,14,25,10,10,8,98,101,108,134,81,107,97
2007-05-27,636,388,241,7,486,84,17,33,16,0,0,70,58,48,64,40,63,46,77,17,22,30,15,13,8,18,23,13,8,3,108,94,95,105,76,107,51
2007-06-03,763,476,271,16,597,98,11,40,17,0,0,82,79,47,69,53,67,41,74,30,47,45,25,18,13,14,26,15,7,11,96,116,106,110,101,128,106
2007-06-10,706,432,266,8,542,94,18,35,17,0,0,95,70,43,77,63,51,37,57,19,21,49,21,17,21,17,23,13,8,4,89,95,98,131,63,121,109
2007-06-17,669,417,245,7,519,78,14,47,11,0,0,76,69,39,51,47,58,41,67,24,29,39,22,18,21,20,24,12,8,4,94,105,127,112,72,105,54
2007-06-24,644,402,223,19,517,82,3,32,10,0,0,81,74,49,62,51,35,44,59,22,21,42,17,12,13,17,33,8,3,1,85,120,103,111,68,102,55
2007-07-01,701,439,247,15,553,93,12,35,8,0,0,81,75,36,56,51,79,39,61,19,39,42,17,18,15,21,25,9,11,7,98,92,112,102,71,123,103
2007-07-08,560,345,203,12,437,73,3,40,7,0,0,77,49,38,54,45,35,38,46,21,18,36,12,12,16,15,21,10,12,5,86,83,78,98,83,90,42
2007-07-15,643,375,264,4,480,93,18,45,7,0,0,80,69,41,64,36,50,31,52,26,14,51,25,23,22,13,19,16,8,3,108,106,83,98,68,100,80
2007-07-22,652,405,240,7,510,79,10,45,8,0,0,74,57,46,70,46,52,55,52,26,26,39,25,17,13,10,20,11,3,10,96,83,116,72,88,93,104
2007-07-29,758,477,270,11,585,96,14,42,20,1,0,83,82,56,75,45,64,52,71,34,27,38,24,23,15,18,26,13,5,7,110,98,104,115,78,146,107
2007-08-05,700,416,266,18,544,95,8,38,15,0,0,81,70,44,59,42,57,61,68,30,27,36,24,17,18,17,23,16,4,6,95,89,99,113,93,127,84
2007-08-12,736,475,246,15,594,84,13,32,13,0,0,91,91,37,63,53,74,49,80,29,25,36,18,10,11,15,26,13,10,5,90,123,80,131,72,120,120
2007-08-19,716,460,247,9,561,93,16,29,17,0,0,74,67,44,80,47,71,43,68,31,28,38,21,25,17,17,19,11,6,9,92,120,111,106,75,92,120
2007-08-26,677,435,229,13,524,81,22,40,10,0,0,79,59,55,84,40,60,40,67,26,32,36,12,12,15,13,23,9,10,5,92,93,102,124,82,109,75
2007-09-02,751,471,270,10,576,104,13,50,8,0,0,86,60,58,64,52,81,55,74,30,35,45,20,19,19,14,14,9,6,10,113,114,110,131,76,103,104
2007-09-09,755,473,270,12,596,97,12,32,18,0,0,96,68,59,68,61,67,56,73,25,26,42,24,15,15,14,12,16,10,8,121,93,104,114,87,121,115
2007-09-16,698,426,260,12,552,88,13,34,11,0,0,68,69,62,69,54,45,55,67,20,17,57,18,19,15,20,20,4,8,11,97,122,91,97,80,118,93
2007-09-23,694,441,243,10,547,83,15,33,16,0,0,81,72,53,66,48,58,47,69,29,24,37,14,19,23,13,15,11,5,10,98,97,102,110,75,116,96
2007-09-30,716,461,243,12,566,92,19,31,8,0,0,70,78,59,55,53,71,49,65,21,22,53,23,18,17,11,20,11,11,9,91,93,86,170,74,96,106
2007-10-07,802,525,264,13,647,99,9,35,12,0,0,100,77,56,71,55,84,60,75,18,34,47,20,18,19,13,25,17,8,5,129,102,129,122,108,129,83
2007-10-14,750,514,227,9,603,80,13,30,23,1,0,85,75,73,55,47,59,60,69,30,33,55,17,16,17,18,21,9,6,5,114,113,99,118,75,102,129
2007-10-21,678,446,228,4,543,75,13,36,11,0,0,75,74,60,67,48,58,44,55,24,23,35,13,20,13,16,28,9,7,9,138,93,111,115,60,102,59
2007-10-28,691,460,225,6,559,79,9,28,16,0,0,73,60,51,59,54,71,45,63,23,33,43,17,23,19,9,22,10,9,7,103,90,102,120,54,106,116
2007-11-04,751,507,240,4,606,92,14,26,13,0,0,91,77,65,57,57,71,45,73,27,26,62,18,12,10,13,21,9,11,6,84,132,103,132,70,119,111
2007-11-11,670,441,221,8,549,75,12,21,13,0,0,82,60,48,59,46,56,44,72,23,32,39,18,17,16,20,22,4,5,7,108,108,119,114,62,96,63
2007-11-18,670,440,218,12,539,89,6,26,10,0,0,68,71,47,65,54,59,36,64,23,32,39,14,15,23,22,15,10,5,8,104,122,112,100,69,110,53
2007-11-25,754,508,232,14,619,77,16,23,19,0,0,69,65,50,74,56,63,57,87,31,34,54,15,18,13,14,24,16,3,11,116,117,121,112,82,123,83
2007-12-02,774,506,255,13,627,96,14,27,10,0,0,97,64,55,72,57,69,46,86,31,26,51,17,24,19,14,20,13,3,10,109,112,106,114,82,137,114
2007-12-09,758,522,228,8,633,86,18,15,6,0,0,91,79,59,69,52,59,62,73,29,41,45,14,12,12,14,18,16,5,8,121,107,110,143,74,106,97
2007-12-16,776,521,248,7,650,90,7,21,8,0,0,75,92,62,68,53,65,61,82,36,37,37,16,21,8,8,24,12,9,10,106,112,106,143,88,116,105
2007-12-23,730,503,221,6,590,86,11,27,16,0,0,70,66,66,65,77,63,47,59,42,22,45,19,22,14,14,16,11,5,7,81,89,122,112,95,106,125
2007-12-30,526,308,212,6,406,71,8,25,16,0,0,64,50,41,48,47,21,26,54,20,10,32,16,19,10,19,30,8,6,5,83,79,75,83,63,73,70
2008-01-06,368,219,141,8,281,53,15,14,5,0,0,47,30,34,32,31,17,8,35,7,16,21,14,15,13,6,24,7,7,4,48,60,49,54,36,53,68
2008-01-13,467,300,157,10,385,45,9,24,4,0,0,58,53,36,47,30,23,27,41,18,20,28,12,11,16,13,17,10,4,3,86,68,70,76,51,68,48
2008-01-20,588,408,173,7,488,63,10,20,7,0,0,61,60,44,56,55,50,41,48,17,20,44,18,11,16,12,17,10,5,3,98,73,87,91,68,105,66
2008-01-27,667,434,228,5,538,67,12,36,14,0,0,84,66,56,52,43,49,40,67,31,28,38,17,13,17,15,19,14,11,7,99,86,105,117,61,108,91
2008-02-03,727,483,229,15,595,68,14,35,15,0,0,69,64,61,63,51,70,49,69,39,23,59,13,14,17,12,28,9,13,4,124,99,104,108,65,107,120
2008-02-10,636,438,188,10,522,60,12,28,13,0,1,64,69,40,59,53,57,56,70,16,35,33,17,8,7,15,17,7,5,8,68,99,93,105,80,106,85
2008-02-17,652,440,209,3,548,54,14,24,12,0,0,85,66,46,52,43,60,53,72,29,26,41,7,17,7,9,18,9,5,7,93,77,92,108,61,134,87
2008-02-24,735,539,186,10,616,70,13,25,11,0,0,71,85,55,57,64,61,53,80,43,29,37,9,19,12,12,27,11,5,5,123,101,105,104,67,125,110
2008-03-02,708,499,202,7,584,73,12,32,7,0,0,75,85,51,59,43,65,52,71,28,27,32,21,17,17,23,26,6,6,4,104,96,99,118,71,116,104
2008-03-09,702,496,196,10,581,72,12,31,6,0,0,74,69,53,61,45,62,48,67,28,34,48,14,14,17,18,24,11,6,9,90,115,97,117,79,113,91
2008-03-16,703,495,198,10,585,72,11,30,5,0,0,76,72,40,70,51,66,52,70,36,31,42,19,10,14,18,16,7,7,6,102,97,103,118,64,115,104
2008-03-23,427,275,141,11,340,52,15,18,2,0,0,38,48,37,35,28,22,23,39,19,18,25,15,15,11,17,16,11,3,7,51,99,80,27,45,47,78
2008-03-30,640,458,174,8,546,57,10,23,4,0,0,71,61,53,55,35,61,38,70,18,17,39,26,16,16,14,19,8,17,6,93,77,92,108,96,123,51
2008-04-06,739,527,202,10,615,84,9,18,13,0,0,49,62,61,78,51,68,56,97,22,37,46,13,16,11,19,26,7,13,7,117,101,114,113,83,112,99
2008-04-13,665,464,197,4,544,76,15,25,5,0,0,74,78,43,54,39,57,46,83,21,29,44,9,19,15,15,20,10,5,4,80,106,100,116,75,104,84
2008-04-20,657,461,186,10,549,63,10,26,8,1,0,72,68,47,56,31,57,46,63,23,23,44,13,27,18,18,22,11,11,7,81,86,84,108,84,119,95
2008-04-27,676,486,178,12,562,83,6,21,4,0,0,61,52,53,78,51,54,40,87,23,24,52,21,14,14,12,22,7,6,5,96,117,90,127,41,128,77
2008-05-04,644,435,203,6,512,76,12,29,14,1,0,56,64,60,63,47,58,33,68,27,25,37,9,24,8,12,27,13,9,4,65,114,101,104,80,77,103
2008-05-11,684,455,215,14,552,76,16,25,15,0,0,70,57,43,73,46,71,47,71,24,30,33,15,20,15,23,24,12,4,6,118,98,111,119,79,98,61
2008-05-18,728,501,219,8,598,81,14,23,12,0,0,80,63,49,64,51,81,57,88,25,27,45,10,16,15,12,22,11,8,4,97,102,105,126,88,105,105
2008-05-25,752,538,203,11,615,89,8,32,8,0,0,83,64,57,71,47,71,42,84,33,31,53,18,22,20,12,14,13,8,9,108,89,114,141,76,135,89
2008-06-01,603,443,156,4,503,62,8,21,9,0,0,54,51,45,65,37,44,45,79,20,24,46,9,18,12,19,16,8,4,7,86,100,102,95,60,109,51
2008-06-08,642,435,203,4,524,71,10,29,8,0,0,71,62,40,57,34,47,49,88,24,15,40,21,14,13,16,28,9,9,5,95,104,101,106,75,105,56
2008-06-15,775,570,198,7,652,75,9,23,16,0,0,75,75,47,74,54,60,43,104,33,29,49,17,26,9,25,26,14,11,4,94,102,109,135,107,129,99
2008-06-22,719,508,205,6,595,69,13,31,11,0,0,78,71,53,62,47,49,41,108,37,29,37,15,7,11,23,25,12,6,8,107,111,113,113,67,115,93
2008-06-29,695,461,231,3,569,76,20,18,12,0,0,69,58,70,60,44,58,49,69,33,18,55,19,21,16,14,20,8,9,5,109,97,82,113,85,118,91
2008-07-06,631,453,171,7,526,64,6,29,5,1,0,66,74,63,60,38,51,36,70,24,16,27,11,14,13,16,24,9,12,7,84,99,94,109,69,114,62
2008-07-13,654,461,185,8,554,55,15,25,5,0,0,54,65,50,61,46,55,50,71,24,30,31,16,30,4,15,23,9,11,9,97,81,93,120,76,93,94
2008-07-20,709,500,200,9,602,65,12,19,11,0,0,69,85,59,73,53,51,62,84,21,19,37,13,15,13,13,21,8,5,8,112,94,86,151,64,99,103
2008-07-27,654,470,181,3,554,59,11,18,12,0,0,66,67,53,52,45,71,36,76,24,21,54,11,13,17,10,11,11,8,8,101,93,97,84,71,111,97
2008-08-03,735,523,202,10,623,72,14,10,6,0,10,82,69,44,69,46,80,45,86,27,35,44,13,15,10,17,25,8,8,12,105,123,96,122,68,121,100
2008-08-10,643,463,168,12,546,64,1,5,7,0,20,55,59,55,53,45,55,62,76,26,25,50,11,17,9,10,13,4,11,7,71,124,100,83,64,94,107
2008-08-17,705,516,178,11,591,64,6,15,9,0,20,50,74,53,70,52,76,41,95,31,29,42,8,26,10,9,23,5,4,7,101,106,95,105,74,106,118
2008-08-24,753,530,216,7,633,70,10,16,14,0,10,69,69,49,68,48,77,58,81,35,31,49,18,28,11,12,20,12,8,10,112,93,106,134,76,148,84
2008-08-31,727,496,220,11,591,81,10,24,14,0,7,72,78,55,81,47,66,51,77,21,35,54,15,19,8,14,18,6,6,4,101,107,78,128,68,119,126
2008-09-07,705,530,166,9,604,64,9,8,8,1,11,65,79,43,70,43,72,61,84,28,33,50,15,15,12,9,12,7,3,4,120,99,105,98,69,119,95
2008-09-14,698,527,163,8,598,69,7,5,6,0,13,55,73,65,57,36,65,64,89,31,34,39,11,20,8,9,22,12,4,4,101,97,101,108,71,111,109
2008-09-21,690,490,191,9,563,81,12,20,9,0,5,62,64,49,83,52,63,43,85,33,24,39,15,21,9,6,27,7,6,2,101,88,88,115,74,122,102
2008-09-28,709,546,156,7,608,63,10,14,6,0,8,84,74,48,73,47,69,51,86,20,32,38,9,18,12,8,24,4,1,11,81,100,88,127,72,134,107
2008-10-05,718,528,185,5,591,77,11,12,7,0,20,63,68,71,78,42,75,48,80,20,28,50,14,15,11,16,23,13,2,1,129,89,92,118,87,107,96
2008-10-12,616,463,147,6,528,53,3,9,6,0,17,59,59,49,51,30,55,49,74,18,27,37,22,12,11,11,20,13,12,7,101,115,96,88,57,79,80
2008-10-19,623,452,161,10,527,62,5,6,5,0,18,64,47,58,71,38,52,36,81,20,24,38,17,20,11,11,15,8,8,4,83,101,91,124,65,102,57
2008-10-26,723,549,170,4,632,56,1,2,10,0,22,62,50,42,63,65,74,55,110,17,25,50,16,21,17,20,22,5,5,4,87,93,103,127,69,130,114
2008-11-02,752,547,200,5,640,85,5,5,6,0,11,66,75,50,83,63,67,55,80,30,25,42,20,13,19,7,24,14,12,7,113,102,105,123,109,111,89
2008-11-09,726,496,219,11,596,89,10,14,5,0,12,74,70,64,72,49,42,50,85,33,32,52,13,19,5,16,27,12,8,3,111,95,118,129,62,125,86
2008-11-16,698,508,177,13,589,63,6,10,11,0,19,81,69,52,69,53,61,40,73,29,22,42,17,19,10,13,25,10,6,7,89,99,122,101,81,108,98
2008-11-23,618,451,163,4,527,56,7,8,6,0,14,75,59,45,54,44,58,36,74,31,19,31,13,17,15,8,19,7,6,7,106,88,92,100,62,113,57
2008-11-30,700,521,174,5,601,61,7,9,6,0,16,67,80,69,48,42,70,57,90,23,29,42,14,6,12,9,20,5,8,9,102,110,78,129,78,114,89
2008-12-07,741,544,192,5,634,73,6,13,10,0,5,68,60,63,70,60,59,46,83,34,23,56,19,18,12,11,25,12,12,10,116,108,105,102,82,121,107
2008-12-14,691,505,176,10,584,74,5,6,9,0,13,90,74,57,70,60,63,28,61,22,28,33,17,15,4,14,26,11,11,7,103,98,105,116,78,128,63
2008-12-21,753,529,208,16,633,92,6,8,7,0,7,90,60,56,66,60,69,49,87,26,32,40,16,23,15,11,24,13,8,8,118,111,104,131,97,99,93
2008-12-28,579,407,158,14,480,67,5,10,6,0,11,80,52,41,49,67,29,34,57,30,15,21,18,23,13,11,14,11,8,6,48,107,109,68,58,76,113
2009-01-04,363,231,126,6,297,50,2,5,3,0,6,52,35,24,21,33,20,19,34,9,12,24,10,22,7,10,11,8,9,3,31,78,79,36,40,39,60
2009-01-11,384,266,110,8,324,40,3,2,4,0,11,41,40,29,37,32,29,17,37,16,8,29,15,18,6,12,9,3,2,4,58,60,48,66,29,63,60
2009-01-18,454,325,124,5,384,46,6,3,8,0,7,42,36,52,34,43,33,40,68,15,17,22,9,10,2,7,5,8,4,7,69,80,52,73,50,88,42
2009-01-25,533,367,160,6,448,52,5,7,8,0,13,47,58,37,53,48,62,29,63,17,18,43,8,12,7,7,6,8,2,8,72,65,66,87,53,85,105
2009-02-01,525,361,154,10,425,62,3,10,10,0,15,52,45,47,53,53,45,25,73,19,22,26,15,13,9,8,6,3,5,6,64,89,77,61,56,90,88
2009-02-08,481,327,142,12,397,49,4,3,15,0,13,52,45,27,51,43,40,32,44,21,22,44,5,9,6,9,10,10,5,6,41,70,70,89,51,92,68
2009-02-15,517,392,123,2,445,47,2,7,8,0,8,39,49,37,42,47,40,33,77,17,28,35,11,15,9,6,8,8,11,5,63,68,68,85,60,103,70
2009-02-22,524,356,158,10,424,70,3,5,13,0,9,52,57,27,52,42,40,36,69,24,20,40,11,5,12,7,12,12,5,1,74,79,84,77,62,66,82
2009-03-01,566,381,173,12,462,72,6,4,12,0,10,39,65,38,59,42,46,43,64,26,27,48,9,11,8,9,12,9,3,8,82,82,79,102,47,97,77
2009-03-08,527,363,147,17,445,60,1,3,7,0,11,49,53,38,50,43,52,21,54,24,26,45,19,13,6,14,5,7,5,3,71,72,74,84,53,92,81
2009-03-15,496,359,132,5,424,48,2,9,7,0,6,37,41,29,54,43,44,42,62,30,24,26,11,11,7,17,4,8,0,6,63,62,83,87,34,97,70
2009-03-22,570,420,143,7,492,51,3,4,9,0,11,51,53,28,55,38,61,38,79,32,26,35,16,11,10,9,9,6,5,8,77,72,87,115,71,66,82
2009-03-29,522,382,133,7,449,49,2,11,8,0,3,50,52,31,51,40,53,39,64,29,20,31,11,11,9,4,9,10,5,3,78,79,94,70,54,89,58
2009-04-05,604,449,147,8,522,53,3,4,6,0,16,56,59,49,56,60,58,47,75,16,18,34,17,8,12,7,7,12,5,8,99,98,75,92,46,105,89
2009-04-12,335,250,85,0,289,30,3,1,6,0,6,36,33,27,25,29,28,28,37,12,17,23,5,9,6,5,5,7,2,1,27,74,68,19,47,42,58
2009-04-19,475,341,127,7,400,43,7,6,12,0,7,48,38,27,55,37,44,34,73,20,16,22,10,8,9,13,6,7,3,5,69,60,64,73,60,87,62
2009-04-26,563,391,160,12,469,63,5,9,6,0,11,63,44,31,56,43,54,40,76,19,21,38,16,7,11,14,13,8,4,5,86,74,90,75,61,87,90
2009-05-03,495,350,138,7,414,61,2,5,7,0,6,50,49,27,35,43,48,29,63,18,25,30,9,14,12,15,8,6,6,8,95,77,78,61,56,58,70
2009-05-10,540,407,127,6,465,55,1,6,9,0,4,45,60,40,52,41,42,46,71,20,18,35,9,11,13,15,11,4,3,4,72,64,85,60,53,124,82
2009-05-17,505,354,144,7,423,58,3,6,4,0,11,51,52,43,45,47,37,32,75,15,15,26,12,8,8,15,6,7,5,6,69,80,59,75,51,98,73
2009-05-24,493,332,154,7,408,53,3,3,7,0,19,43,52,34,43,49,37,31,67,22,16,35,13,11,9,6,12,3,4,6,67,77,68,86,36,82,77
2009-05-31,478,346,124,8,403,49,3,4,7,0,12,58,61,47,48,22,38,28,66,16,14,22,8,11,7,8,6,8,5,5,60,78,75,73,57,94,41
2009-06-07,565,431,128,6,495,48,3,3,5,0,11,62,64,41,46,35,59,37,75,26,31,34,12,7,9,6,4,10,2,5,66,77,65,122,57,92,86
2009-06-14,535,390,132,13,465,47,0,2,11,0,10,50,48,49,50,34,42,38,79,32,24,32,11,8,7,7,8,7,5,4,86,74,84,75,40,104,72
2009-06-21,478,339,129,10,408,57,1,2,5,0,5,40,47,45,43,38,48,24,62,18,19,31,12,11,5,12,9,1,4,9,74,77,74,68,51,85,49
2009-06-28,412,304,105,3,356,37,2,3,7,0,7,34,56,34,35,29,27,37,48,15,15,22,13,4,9,9,8,8,4,5,61,71,70,67,42,58,43
2009-07-05,459,326,128,5,377,58,1,1,6,0,16,40,51,33,41,31,50,24,52,22,21,30,9,8,11,11,5,8,8,4,69,71,89,75,48,62,45
2009-07-12,503,347,147,9,406,67,3,1,10,0,16,56,46,32,50,40,50,40,60,17,20,35,14,10,9,4,5,5,5,5,59,80,82,96,48,75,63
2009-07-19,497,363,126,8,419,55,3,1,12,0,7,42,45,48,48,38,32,32,57,25,28,38,17,7,7,7,8,9,6,3,69,74,78,82,55,65,74
2009-07-26,532,381,138,13,442,63,4,12,8,0,3,49,44,49,54,42,37,35,71,21,12,38,15,9,18,7,13,10,3,5,78,77,87,83,59,99,49
2009-08-02,532,354,165,13,441,65,4,15,6,0,1,42,67,34,32,56,37,38,68,27,23,32,12,13,3,16,14,9,1,8,96,73,74,68,63,86,72
2009-08-09,515,355,153,7,424,57,4,19,11,0,0,50,62,40,42,36,41,32,62,24,18,35,13,13,11,7,11,11,6,1,96,92,72,51,49,95,60
2009-08-16,550,406,143,1,469,52,3,16,10,0,0,45,66,42,57,36,54,36,66,25,10,35,16,15,5,11,7,12,4,8,73,62,76,118,46,108,67
2009-08-23,529,399,119,11,451,58,2,8,10,0,0,43,51,39,60,31,57,42,55,23,13,30,16,15,12,16,5,9,6,6,106,77,66,93,36,108,43
2009-08-30,481,334,144,3,387,60,6,6,9,0,13,46,44,31,54,30,56,34,60,24,22,30,11,6,3,5,9,6,4,6,83,73,55,74,52,78,66
2009-09-06,562,408,145,9,473,61,1,3,12,0,12,46,53,38,53,44,53,48,62,26,23,39,17,8,7,11,14,11,4,5,78,63,75,93,60,107,86
2009-09-13,504,337,152,15,399,72,1,5,10,0,17,49,47,32,55,36,41,35,56,27,20,28,14,13,5,11,16,10,7,2,65,65,73,96,53,83,69
2009-09-20,547,388,153,6,457,61,2,4,8,0,15,53,58,40,45,56,45,38,46,25,27,40,10,15,9,9,8,7,6,10,60,75,104,71,58,116,63
2009-09-27,466,308,153,5,382,59,3,7,9,0,6,53,44,29,52,38,35,39,46,20,19,32,11,9,10,8,3,8,6,4,85,74,66,74,30,72,65
2009-10-04,541,370,164,7,448,57,2,2,16,0,16,58,46,40,64,36,48,30,51,26,23,29,19,14,8,13,11,5,10,10,86,85,78,75,62,104,51
2009-10-11,482,334,140,8,395,52,5,5,12,0,13,41,58,52,31,34,49,35,52,18,19,33,11,8,5,11,6,9,4,6,81,62,69,68,58,79,65
2009-10-18,507,360,140,7,424,53,5,8,8,0,9,36,58,39,40,32,53,39,48,24,21,36,9,15,6,11,12,14,8,6,83,77,88,61,58,83,57
2009-10-25,554,373,170,11,446,74,0,5,11,0,18,52,59,41,48,43,46,32,62,26,32,39,11,16,9,10,10,9,5,4,89,76,63,84,63,91,88
2009-11-01,517,365,141,11,432,64,0,4,16,0,1,56,52,36,46,37,44,30,58,27,23,28,15,11,8,9,8,13,9,7,66,85,78,62,48,95,83
2009-11-08,544,361,172,11,440,65,2,8,14,0,15,49,56,35,64,34,44,38,57,33,31,33,17,10,7,12,9,8,5,2,86,82,89,59,53,116,59
2009-11-15,526,365,152,9,441,59,2,6,5,0,13,50,53,42,52,46,47,36,55,19,21,32,10,9,7,7,12,9,7,12,79,72,93,80,63,72,67
2009-11-22,497,315,179,3,407,60,2,3,8,0,17,40,48,38,55,38,39,29,65,20,25,24,4,15,12,11,11,9,4,10,85,81,92,77,52,67,43
2009-11-29,514,358,149,7,415,64,2,5,9,0,19,50,56,36,50,43,43,28,50,33,27,23,19,10,10,9,10,9,4,4,72,77,66,89,64,73,73
2009-12-06,588,400,174,14,481,73,1,10,9,0,14,45,72,51,62,54,56,45,51,26,24,36,8,13,7,5,11,9,4,9,76,108,88,99,55,92,70
2009-12-13,572,388,181,3,473,63,1,8,11,1,15,57,67,43,67,32,51,46,48,24,25,42,11,22,10,6,4,9,2,6,88,74,47,108,63,88,104
2009-12-20,542,362,173,7,429,72,1,10,7,0,23,47,56,38,52,45,46,35,55,26,32,31,19,9,11,11,10,7,7,5,79,110,71,78,50,77,77
2009-12-27,424,257,163,4,310,69,1,7,12,0,25,29,57,28,47,37,28,26,41,27,13,25,14,13,5,5,16,6,1,6,91,73,71,38,43,38,70
2010-01-03,324,211,107,6,258,45,4,2,6,0,9,30,32,30,40,30,19,20,32,15,15,17,5,6,1,8,9,6,7,2,51,63,62,27,27,32,62
2010-01-10,366,238,124,4,286,48,1,11,5,0,15,34,40,23,46,24,31,20,27,20,15,21,13,15,6,7,6,8,9,1,52,42,50,66,46,53,57
2010-01-17,453,320,125,8,378,45,2,4,6,0,18,38,57,34,64,18,42,26,47,23,21,21,14,14,3,6,8,8,4,5,64,73,92,82,52,58,32
2010-01-24,501,327,164,10,401,65,6,8,6,0,15,43,54,35,58,40,41,34,60,21,16,34,11,15,9,7,4,5,7,7,79,67,60,80,63,86,66
2010-01-31,534,307,218,9,408,74,1,4,11,0,36,49,62,39,51,37,45,36,56,19,17,35,13,15,8,14,11,13,5,9,67,74,74,75,72,104,68
2010-02-07,546,323,218,5,412,77,3,8,12,0,34,44,57,41,50,38,56,27,55,25,22,33,13,17,15,15,13,8,11,6,57,69,73,90,54,93,110
2010-02-14,554,370,180,4,457,53,0,9,11,0,24,57,63,38,62,34,49,42,49,24,15,37,10,14,11,8,15,14,1,11,74,78,72,86,65,101,78
2010-02-21,531,348,178,5,425,66,3,4,12,0,21,49,45,33,50,42,52,44,62,24,24,26,15,11,12,8,14,7,7,6,74,72,89,79,56,88,73
2010-02-28,611,393,207,11,487,84,6,3,13,0,18,52,71,35,63,45,62,39,79,22,27,32,17,13,7,11,11,12,7,6,76,90,80,120,75,111,59
2010-03-07,610,387,216,7,509,66,3,3,5,0,24,56,49,41,61,53,56,30,66,28,26,39,15,15,14,20,11,15,8,7,87,96,83,109,74,83,78
2010-03-14,566,368,190,8,468,66,1,2,10,0,19,55,63,30,52,44,58,48,56,28,23,23,10,14,11,16,6,13,8,8,92,81,82,102,58,72,79
2010-03-21,603,395,203,5,485,68,5,9,11,0,25,60,64,26,61,50,50,37,72,25,24,45,20,14,7,7,16,10,6,9,87,87,85,107,49,102,86
2010-03-28,557,371,180,6,452,64,5,7,7,0,22,54,47,37,62,34,41,43,55,28,37,37,12,10,7,12,16,12,7,6,86,95,99,81,54,89,53
2010-04-04,431,275,145,11,333,65,2,1,3,0,27,48,39,27,56,34,17,23,36,23,19,35,14,12,11,14,10,3,6,4,60,103,82,29,41,51,65
2010-04-11,571,401,159,11,479,59,1,5,11,0,16,55,55,43,70,43,41,36,76,20,31,34,7,6,14,5,14,11,4,6,81,53,88,105,43,119,82
2010-04-18,533,358,159,16,422,70,2,7,12,0,20,65,54,34,66,40,39,41,54,19,20,31,11,10,9,7,10,8,7,8,76,91,74,76,56,96,64
2010-04-25,577,399,168,10,496,53,1,3,8,0,16,50,49,45,66,34,58,35,60,29,36,35,11,11,8,18,8,11,6,7,82,84,98,99,53,81,80
2010-05-02,534,333,192,9,407,70,4,14,13,0,26,36,58,30,65,39,45,35,57,25,34,36,9,10,6,11,12,11,5,10,92,79,60,102,61,67,73
2010-05-09,637,389,238,10,487,87,4,10,15,1,33,44,61,43,90,43,51,41,71,48,31,31,15,9,6,10,11,13,8,11,85,116,98,96,79,93,70
2010-05-16,639,360,275,4,469,89,4,7,13,0,57,59,68,53,56,51,62,43,72,31,20,27,17,10,11,19,12,15,9,4,85,92,100,105,68,103,86
2010-05-23,596,368,221,7,467,84,6,5,8,0,26,60,66,43,59,48,56,44,47,27,26,36,14,10,8,8,12,15,6,11,97,121,91,81,61,74,71
2010-05-30,650,420,226,4,516,75,4,11,15,0,29,59,59,46,59,53,66,44,61,40,24,36,9,18,15,18,16,13,3,11,102,96,93,113,56,105,85
2010-06-06,669,401,263,5,503,98,10,15,18,0,25,68,71,51,54,50,51,34,68,26,42,46,20,11,20,20,15,5,7,10,96,103,92,101,69,108,100
2010-06-13,523,319,193,11,403,72,3,9,10,0,26,64,55,26,45,41,55,27,46,28,20,33,17,11,15,11,11,9,6,3,77,97,95,72,56,82,44
2010-06-20,572,367,200,5,468,66,3,4,12,0,19,36,71,48,45,50,50,34,65,16,32,33,21,16,7,13,9,13,6,7,89,88,94,102,63,81,55
2010-06-27,576,355,209,12,466,62,11,9,13,0,15,59,56,41,64,42,51,38,51,25,30,42,14,17,8,13,8,6,3,8,75,100,82,80,61,111,67
2010-07-04,529,333,190,6,418,74,3,4,9,0,21,48,60,42,46,42,41,30,43,36,24,37,17,14,18,7,7,10,4,3,78,64,91,86,65,70,75
2010-07-11,553,347,191,15,433,83,9,4,8,0,16,53,59,45,64,51,41,32,39,22,29,36,14,14,11,10,13,4,9,7,97,81,82,73,67,95,58
2010-07-18,547,363,173,11,445,64,8,8,11,0,11,61,60,38,54,44,44,35,55,17,19,28,17,15,11,14,11,12,7,5,75,61,96,90,44,106,75
2010-07-25,548,355,181,12,444,78,4,5,9,0,8,50,61,27,66,37,41,49,57,18,18,28,17,24,9,7,14,11,8,6,85,69,49,92,66,99,88
2010-08-01,555,374,173,8,461,67,8,2,6,0,11,46,62,32,64,49,37,37,59,31,17,41,13,13,9,11,16,9,5,4,82,76,76,86,64,96,75
2010-08-08,534,349,182,3,438,57,6,9,13,0,11,47,56,43,55,41,47,29,33,21,25,43,17,18,8,14,11,11,4,11,82,90,89,84,60,60,69
2010-08-15,541,342,193,6,440,64,5,8,7,0,17,44,51,37,50,48,49,31,46,27,33,42,11,13,7,13,14,13,6,6,78,79,77,88,54,90,75
2010-08-22,530,344,175,11,434,69,7,3,8,0,9,53,42,35,48,35,47,41,53,29,23,45,19,17,4,8,10,11,8,2,80,83,82,78,73,88,46
2010-08-29,581,376,198,7,473,70,6,6,11,0,15,52,53,28,54,48,57,32,57,44,27,43,19,15,8,8,13,11,5,7,90,98,77,87,54,95,80
2010-09-05,591,383,198,10,483,78,5,6,8,0,11,50,58,46,54,40,40,28,66,30,31,50,20,20,12,8,14,12,7,5,92,104,68,96,62,100,69
2010-09-12,556,352,196,8,449,63,5,12,17,0,10,56,72,39,51,21,55,31,62,18,31,39,17,13,6,7,15,12,6,5,93,86,84,74,60,82,77
2010-09-19,601,392,195,14,481,87,5,8,13,0,7,49,64,37,71,44,53,39,69,29,24,36,15,13,7,8,13,14,7,9,79,87,87,102,72,102,72
2010-09-26,537,348,180,9,438,69,7,2,11,0,10,50,52,31,78,31,43,28,60,31,19,35,18,12,11,9,16,7,4,2,71,80,67,76,63,80,100
2010-10-03,595,401,187,7,484,70,11,9,5,0,16,54,54,34,65,41,55,36,65,23,30,45,15,23,10,14,17,4,7,3,88,89,80,97,66,101,74
2010-10-10,571,366,195,10,452,84,3,6,5,0,21,62,60,37,62,46,58,32,65,24,23,28,18,15,10,7,9,7,4,4,91,78,91,104,55,68,84
2010-10-17,516,335,170,11,413,62,8,11,11,0,11,51,58,28,51,38,41,30,42,24,20,33,15,16,12,16,12,12,7,10,73,86,62,80,50,82,83
2010-10-24,479,337,136,6,409,43,4,7,11,0,5,45,50,43,58,25,34,33,58,23,25,24,6,12,7,13,7,6,2,8,73,74,89,89,41,77,36
2010-10-31,635,436,195,4,534,68,8,8,10,0,7,58,55,46,79,47,57,43,65,31,30,41,13,19,8,11,16,5,4,7,83,88,91,107,68,111,87
2010-11-07,520,360,151,9,420,65,3,12,12,0,8,55,48,27,62,35,42,36,55,29,20,27,14,15,5,11,10,12,8,9,80,94,81,85,57,91,32
2010-11-14,569,414,149,6,475,63,5,7,14,0,5,59,56,39,62,40,49,29,51,28,35,36,15,16,9,15,13,7,6,4,73,78,98,86,64,93,77
2010-11-21,517,340,169,8,428,65,3,5,10,0,6,53,51,42,61,28,41,30,50,21,20,37,21,18,7,12,5,14,1,5,70,72,111,87,45,81,51
2010-11-28,600,434,159,7,501,65,6,10,12,0,6,54,51,45,75,40,47,44,69,23,25,40,21,18,11,8,9,10,3,7,95,79,92,96,53,104,81
2010-12-05,619,418,191,10,513,75,6,10,11,0,4,66,61,42,74,40,44,40,79,40,28,38,9,8,9,14,6,10,4,7,100,71,78,98,68,114,90
2010-12-12,605,408,189,8,489,81,4,8,14,0,9,56,72,45,63,56,42,21,78,45,24,32,11,9,14,7,12,7,6,5,90,65,95,101,56,92,106
2010-12-19,659,460,188,11,557,64,7,6,17,0,8,75,67,42,71,49,45,29,76,42,24,41,14,18,7,11,14,21,3,10,110,106,93,85,75,98,92
2010-12-26,505,337,163,5,418,60,5,10,7,0,5,40,61,32,45,44,49,21,47,30,20,38,23,13,6,7,6,12,7,4,86,87,84,83,43,43,79
2011-01-02,412,268,137,7,343,49,8,3,5,0,4,54,50,23,44,33,30,16,38,22,22,22,18,8,5,5,12,4,5,1,64,72,75,72,23,31,75
2011-01-09,397,279,109,9,345,31,3,7,9,0,2,41,45,24,50,32,29,29,27,17,11,25,14,10,6,9,10,8,5,5,50,65,62,52,41,55,72
2011-01-16,462,305,150,7,380,58,6,4,7,0,7,54,40,31,67,36,33,22,41,18,14,28,13,18,9,7,7,6,9,9,67,81,77,74,58,67,38
2011-01-23,501,326,168,7,414,53,4,6,11,0,13,42,45,36,56,39,38,30,64,23,20,30,14,17,12,5,6,10,5,9,56,66,91,68,55,86,79
2011-01-30,506,345,152,9,419,57,8,4,11,0,7,35,58,40,52,32,44,27,66,21,20,37,11,17,7,5,14,10,7,3,77,89,68,65,60,77,70
2011-02-06,539,360,172,7,445,66,7,8,9,0,4,41,51,41,66,36,43,34,71,21,29,26,11,13,11,12,19,6,6,2,56,83,71,97,57,95,80
2011-02-13,584,398,178,8,470,72,13,13,9,0,7,39,63,43,72,49,53,38,68,20,20,41,10,13,16,6,13,7,9,4,72,92,93,89,67,92,79
2011-02-20,549,366,174,9,444,80,6,5,6,0,8,51,51,37,51,31,69,36,61,16,24,37,10,11,10,11,18,8,11,6,70,90,64,94,56,78,97
2011-02-27,588,413,167,8,496,67,3,7,10,0,5,59,60,39,70,43,55,36,63,27,30,22,19,15,8,9,15,6,4,8,104,90,76,93,52,92,81
2011-03-06,626,431,185,10,528,73,6,4,7,0,8,47,58,48,79,40,73,35,66,20,21,46,16,12,9,10,22,14,5,5,93,101,87,102,52,101,90
2011-03-13,571,379,177,15,461,81,7,9,8,0,5,42,52,40,68,41,48,36,67,20,23,43,12,15,8,15,18,8,11,4,93,79,81,75,51,104,88
2011-03-20,579,393,177,9,472,72,5,7,14,0,9,37,71,44,85,45,32,36,60,29,26,35,15,20,6,8,13,7,4,6,71,87,94,94,56,111,66
2011-03-27,545,357,178,10,438,77,5,8,11,0,6,49,65,41,57,38,45,33,70,20,20,40,6,6,7,12,13,11,3,9,68,81,88,105,57,104,42
2011-04-03,577,368,200,9,481,53,6,13,16,0,8,48,57,44,48,53,58,34,71,30,19,27,8,15,14,11,16,8,8,8,75,83,68,88,74,107,82
2011-04-10,545,368,165,12,449,67,5,5,9,0,10,44,52,58,65,32,54,34,57,25,21,29,10,16,10,8,18,6,6,0,79,70,78,60,66,119,73
2011-04-17,591,415,169,7,501,59,4,7,9,0,11,60,65,39,53,44,46,45,74,24,16,41,13,13,5,15,13,11,7,7,78,90,85,83,68,100,87
2011-04-24,411,253,149,9,318,64,4,5,10,0,10,45,48,38,44,29,30,25,33,19,18,23,3,13,7,8,12,6,6,4,42,88,97,28,40,40,76
2011-05-01,608,381,217,10,479,82,6,17,13,0,11,53,89,35,71,48,54,34,61,24,14,31,10,22,6,17,11,14,9,5,77,85,76,102,49,144,75
2011-05-08,617,416,195,6,514,50,6,15,25,0,7,50,71,49,64,38,50,37,71,37,25,39,16,13,9,10,14,17,1,6,99,85,98,105,51,93,86
2011-05-15,555,377,170,8,460,65,4,13,11,0,2,51,50,41,55,38,45,37,63,26,33,46,9,13,8,11,13,9,5,2,84,83,80,104,46,89,69
2011-05-22,590,383,195,12,483,71,6,9,15,0,6,51,64,36,71,41,52,43,58,28,23,35,17,12,7,18,14,10,6,4,94,72,85,97,61,97,84
2011-05-29,564,373,182,9,457,66,3,11,14,0,13,51,62,35,87,38,50,42,54,24,23,29,15,13,6,8,12,6,8,1,96,88,74,92,42,96,76
2011-06-05,567,361,199,7,456,81,5,5,11,0,9,62,66,42,57,37,39,29,66,33,17,31,17,17,11,7,18,7,8,3,86,90,80,81,46,102,82
2011-06-12,493,318,167,8,393,71,4,6,9,0,10,46,58,24,59,32,43,28,49,26,18,20,18,10,7,9,18,11,12,5,71,69,76,81,46,92,58
2011-06-19,595,420,169,6,499,60,8,8,9,0,11,66,63,50,76,38,49,27,48,33,27,43,11,14,8,8,12,10,7,5,75,90,88,91,59,96,96
2011-06-26,560,391,166,3,474,59,5,12,7,0,3,60,77,49,58,23,37,31,58,26,26,30,10,12,11,15,14,13,7,3,81,64,76,116,61,85,77
2011-07-03,481,300,175,6,381,66,3,9,16,0,6,49,50,42,73,29,31,28,44,22,12,26,10,12,8,13,14,11,2,5,63,91,79,86,45,72,45
2011-07-10,521,347,164,10,438,50,5,12,10,0,6,42,59,44,52,35,30,31,47,32,23,34,24,16,5,8,17,12,5,5,84,94,81,94,53,89,26
2011-07-17,532,362,165,5,434,58,2,12,18,0,8,37,53,59,73,40,35,26,64,25,16,42,16,11,7,5,7,10,3,3,82,67,89,93,46,86,69
2011-07-24,498,330,158,10,416,58,7,7,6,0,4,44,52,27,56,34,29,39,57,25,21,31,11,14,12,11,16,5,8,6,68,55,83,90,64,79,59
2011-07-31,613,414,191,8,503,72,6,13,13,0,6,51,73,53,61,41,48,32,65,40,20,39,20,13,10,10,16,8,7,6,58,85,95,104,65,124,82
2011-08-07,602,399,194,9,482,90,4,5,13,0,8,44,77,35,68,52,44,37,65,30,20,41,12,11,11,4,18,17,6,10,74,93,100,88,64,104,79
2011-08-14,600,386,205,9,482,75,6,7,16,0,14,58,57,45,58,45,56,39,50,29,25,36,11,15,11,20,12,17,8,8,72,79,107,104,63,105,70
2011-08-21,563,368,187,8,465,69,3,12,12,0,2,61,52,39,82,32,34,46,65,24,21,38,10,12,8,9,13,5,7,5,68,99,92,102,58,98,46
2011-08-28,540,348,186,6,432,76,5,9,10,1,7,59,58,31,61,35,43,39,47,34,22,39,12,7,9,6,15,7,5,11,74,89,80,81,57,75,84
2011-09-04,531,340,179,12,424,77,8,6,11,0,5,41,49,37,57,44,47,40,56,28,22,31,13,12,7,13,8,10,8,8,72,82,71,80,67,82,77
2011-09-11,575,374,191,10,476,59,7,8,20,0,5,38,64,50,56,42,47,48,69,26,26,38,15,9,5,6,15,9,7,5,93,81,75,92,59,111,64
2011-09-18,621,399,209,13,488,94,8,12,17,1,1,63,63,35,60,43,54,44,65,30,16,46,16,14,10,11,21,14,7,9,94,82,87,96,67,106,89
2011-09-25,571,371,193,7,461,70,11,11,13,0,5,60,75,38,61,41,46,35,57,34,17,39,9,12,14,8,9,7,0,9,76,91,66,82,68,100,88
2011-10-02,608,408,192,8,506,65,10,13,11,0,3,61,71,46,86,49,49,38,64,24,29,28,9,12,6,5,10,5,5,11,91,83,98,88,67,93,88
2011-10-09,579,395,176,8,484,65,5,13,8,1,3,51,74,41,56,52,50,33,60,29,25,26,12,15,6,10,14,12,5,8,81,90,94,83,51,91,89
2011-10-16,607,416,182,9,508,69,9,7,9,0,5,52,54,54,68,45,51,48,59,28,35,46,9,15,10,5,6,8,8,6,94,83,106,86,52,96,90
2011-10-23,571,410,157,4,474,62,9,11,13,0,2,49,61,41,55,46,45,54,56,28,15,35,11,17,6,10,12,16,7,7,86,100,91,94,67,93,40
2011-10-30,607,415,182,10,496,71,8,10,16,0,6,56,60,44,59,29,50,47,81,25,26,39,8,17,6,15,14,12,9,10,97,78,96,91,51,86,108
2011-11-06,635,444,185,6,534,69,9,9,10,0,4,58,60,55,62,45,48,42,72,39,25,47,9,13,6,12,15,14,6,7,99,101,83,93,68,96,95
2011-11-13,563,384,172,7,485,46,9,10,8,0,5,52,48,56,48,43,46,40,64,26,29,37,14,14,12,11,5,9,5,4,89,119,89,98,51,79,38
2011-11-20,609,438,162,9,530,59,5,4,7,0,4,62,63,49,72,41,54,48,61,37,27,36,8,8,9,7,9,8,5,5,93,106,119,92,54,99,46
2011-11-27,580,397,171,12,475,66,13,12,13,0,1,52,58,32,72,41,52,36,68,36,25,38,8,12,6,8,14,8,4,10,77,87,77,96,64,99,80
2011-12-04,542,369,165,8,442,69,6,11,11,0,3,46,68,45,49,35,47,39,57,34,21,36,16,12,4,4,11,8,6,4,75,74,73,91,70,94,65
2011-12-11,553,376,168,9,457,61,8,4,17,2,4,55,46,39,62,34,44,34,75,31,15,36,13,13,9,11,13,7,9,7,57,95,99,105,42,81,74
2011-12-18,652,471,174,7,550,73,5,6,13,0,5,55,61,66,56,47,58,42,72,39,33,50,15,7,5,11,11,12,4,8,112,98,97,98,83,87,77
2011-12-25,533,339,186,8,423,86,6,7,9,0,2,53,66,39,54,45,38,34,53,28,24,31,10,13,4,7,13,8,7,6,86,86,88,94,40,68,71
2012-01-01,422,289,126,7,352,54,4,4,5,0,3,43,63,42,44,31,26,22,36,25,18,22,7,11,6,7,6,5,5,3,57,62,68,59,28,47,101
2012-01-08,382,275,105,2,332,31,8,4,3,0,4,38,42,37,41,20,34,23,41,18,11,28,9,11,6,8,4,4,2,5,54,48,73,70,32,57,48
2012-01-15,375,252,118,5,309,45,6,9,4,0,2,31,46,36,47,17,33,19,39,15,16,23,7,8,7,6,11,6,4,4,52,61,54,64,51,64,29
2012-01-22,498,351,138,9,408,52,15,8,11,0,4,35,63,34,44,37,50,43,52,20,24,37,5,16,11,11,5,8,1,2,59,51,61,85,61,101,80
2012-01-29,657,422,231,4,531,68,12,18,17,0,11,51,82,43,71,50,65,45,75,31,32,39,11,15,5,8,14,11,3,6,104,81,92,111,66,106,97
2012-02-05,624,337,279,8,465,94,13,23,12,0,17,56,87,56,65,44,48,38,58,19,24,37,16,14,13,8,20,5,4,12,67,94,101,100,66,89,107
2012-02-12,641,419,216,6,523,74,18,7,11,0,8,49,74,65,79,38,46,37,67,31,22,47,15,18,14,13,10,8,4,4,95,77,90,108,61,99,111
2012-02-19,629,396,231,2,500,90,8,10,10,0,11,55,73,48,65,38,56,47,70,20,27,54,13,12,4,13,11,10,7,6,84,85,105,83,55,109,108
2012-02-26,622,371,247,4,492,77,13,14,21,0,5,47,77,49,73,36,59,42,78,24,30,34,14,13,6,6,16,9,2,7,107,88,88,112,64,69,94
2012-03-04,668,407,253,8,534,91,9,6,16,0,12,72,70,47,68,46,64,50,72,37,35,37,13,13,5,10,9,9,4,7,100,93,104,90,76,113,92
2012-03-11,641,406,228,7,519,93,7,9,11,0,2,55,92,44,80,44,55,39,65,27,30,30,17,12,5,13,15,8,5,5,95,84,104,90,76,108,84
2012-03-18,608,390,213,5,483,90,6,11,14,0,4,46,72,44,77,44,48,44,54,42,26,31,12,12,6,10,12,12,9,7,86,87,83,91,64,105,92
2012-03-25,586,397,185,4,490,67,9,7,9,0,4,67,61,51,78,42,40,35,54,32,15,35,13,10,6,9,12,11,5,10,89,89,103,88,69,97,51
2012-04-01,611,387,221,3,492,81,9,10,12,0,7,51,74,39,62,41,50,46,55,34,33,43,16,8,12,15,10,9,8,5,83,97,95,95,62,93,86
2012-04-08,419,276,136,7,343,51,6,5,11,0,3,26,55,28,48,25,26,27,53,28,22,21,5,7,6,8,13,12,2,7,35,77,103,26,38,32,108
2012-04-15,564,370,185,9,457,71,8,14,9,0,5,50,73,44,59,32,49,34,55,27,34,32,13,13,11,7,9,8,7,7,97,80,77,80,68,95,67
2012-04-22,606,379,219,8,483,87,7,12,12,1,4,57,77,44,72,47,44,31,56,37,31,34,12,12,11,7,10,8,6,10,104,82,82,72,65,110,91
2012-04-29,584,374,203,7,485,62,9,12,13,0,3,35,61,50,59,34,59,38,60,26,31,41,17,8,7,15,13,15,6,9,92,78,79,101,53,99,82
2012-05-06,534,320,207,7,426,77,10,8,10,0,3,42,73,48,51,31,44,26,56,25,23,30,18,15,12,14,6,6,8,6,88,77,54,91,67,81,76
2012-05-13,604,388,211,5,491,65,6,19,21,0,2,49,50,57,62,49,53,25,80,23,21,38,20,11,14,15,13,14,5,5,91,93,95,98,51,91,85
2012-05-20,563,354,206,3,456,59,12,9,15,0,12,36,66,28,66,37,44,48,61,20,31,37,18,16,12,14,9,6,8,6,76,87,94,107,48,81,70
2012-05-27,524,320,198,6,405,79,9,11,14,0,6,54,53,35,55,43,44,28,60,17,23,36,10,15,7,7,10,12,5,10,76,91,99,98,43,74,43
2012-06-03,596,384,211,1,480,78,6,8,14,0,10,51,64,43,66,52,48,34,75,27,32,31,10,12,8,10,8,14,3,8,89,76,81,109,47,103,91
2012-06-10,549,325,221,3,433,86,7,10,9,0,4,50,58,43,69,35,35,30,62,19,19,33,15,15,13,8,23,11,7,4,68,83,99,83,61,71,84
2012-06-17,507,331,170,6,417,62,5,6,13,0,4,32,46,41,62,39,24,33,69,27,23,35,12,10,9,13,13,11,2,6,73,77,85,109,43,71,49
2012-06-24,490,289,195,6,397,62,10,9,8,0,4,37,52,40,60,31,37,35,45,24,24,33,6,15,7,10,5,14,5,10,86,82,85,88,54,61,34
2012-07-01,510,349,160,1,437,50,5,3,13,0,2,34,53,43,66,45,41,30,55,25,19,32,4,11,5,14,16,6,6,5,79,75,75,86,36,77,82
2012-07-08,454,292,160,2,376,54,5,6,9,0,4,47,46,34,49,26,36,26,57,22,18,30,7,14,3,6,11,15,5,2,73,58,93,66,47,80,37
2012-07-15,602,408,185,9,504,66,7,7,9,0,9,57,73,57,67,47,42,38,57,28,28,39,10,15,8,9,11,10,2,4,91,87,96,94,62,105,67
2012-07-22,473,309,160,4,393,50,8,7,12,0,3,45,56,37,54,26,35,30,50,25,25,15,12,11,9,11,14,15,2,1,96,84,68,50,45,66,64
2012-07-29,582,382,195,5,490,62,9,8,6,0,7,62,72,44,65,25,47,43,61,26,30,33,13,11,7,13,14,10,3,3,86,71,86,94,54,92,99
2012-08-05,589,391,192,6,500,56,6,5,15,0,7,45,59,49,58,45,52,40,63,37,19,28,11,15,12,14,10,21,5,6,79,90,80,99,65,90,86
2012-08-12,516,325,188,3,424,63,6,7,12,0,4,45,78,32,50,29,27,41,58,29,20,27,11,17,8,9,8,8,9,10,78,93,52,84,49,87,73
2012-08-19,550,354,189,7,450,75,6,8,9,0,2,61,48,43,72,37,40,47,50,22,27,32,9,15,9,6,14,8,6,4,83,75,83,88,63,71,87
2012-08-26,493,302,187,4,399,70,3,7,10,0,4,46,43,40,56,26,40,36,57,27,23,31,9,12,8,8,9,7,7,8,66,96,85,94,45,65,42
2012-09-02,551,353,194,4,455,66,5,10,14,0,1,65,77,42,55,31,40,32,55,29,18,36,10,7,9,9,12,11,8,5,78,88,94,86,52,79,74
2012-09-09,602,369,231,2,484,85,3,7,14,0,9,59,77,45,76,41,49,43,54,21,21,43,13,14,6,9,14,8,6,3,80,96,80,85,73,96,92
2012-09-16,586,357,218,11,471,73,11,4,20,0,7,50,84,41,47,47,55,40,55,29,24,38,14,10,7,12,12,6,9,6,77,78,93,94,59,93,92
2012-09-23,563,367,191,5,471,62,8,7,7,0,8,53,67,37,60,33,45,41,62,23,22,47,6,15,12,7,14,6,7,6,83,70,90,88,57,90,85
2012-09-30,567,362,200,5,456,81,5,16,5,0,4,44,81,42,64,27,41,42,55,27,31,37,17,14,2,7,15,6,7,8,89,80,88,81,50,94,85
2012-10-07,636,408,226,2,520,74,13,8,12,0,9,47,69,52,83,47,54,39,66,25,19,44,13,12,9,20,12,14,2,9,103,84,96,103,53,111,86
2012-10-14,541,349,188,4,456,58,7,8,9,0,3,50,65,37,61,38,43,34,40,23,31,33,13,11,8,18,15,9,9,3,89,92,86,89,39,69,77
2012-10-21,528,365,158,5,450,50,6,4,15,0,3,49,74,40,60,29,27,40,60,21,25,38,11,10,5,9,8,7,8,7,90,100,81,71,52,91,43
2012-10-28,650,421,222,7,536,80,9,8,9,0,8,64,72,60,71,37,51,37,73,38,22,37,9,13,11,8,17,14,5,11,93,89,104,102,82,101,79
2012-11-04,606,398,203,5,508,72,6,8,11,0,1,56,70,39,65,39,49,30,67,34,24,37,14,20,13,11,10,15,3,10,88,93,87,117,61,71,89
2012-11-11,533,359,172,2,439,68,7,6,7,0,6,39,69,45,56,30,41,24,67,20,23,33,14,16,12,7,16,11,2,8,67,88,82,102,57,93,44
2012-11-18,583,415,166,2,506,58,6,2,3,1,7,44,76,45,59,48,44,46,56,18,24,29,22,17,10,10,14,6,8,7,91,101,89,97,56,111,38
2012-11-25,655,453,197,5,563,60,9,3,14,0,6,56,80,46,80,49,59,38,70,30,22,43,14,15,12,7,17,9,3,5,98,107,104,93,66,99,88
2012-12-02,685,451,227,7,574,79,8,5,12,0,7,74,79,48,73,46,45,43,92,24,18,42,17,17,10,17,16,9,4,11,113,117,90,105,71,101,88
2012-12-09,669,451,212,6,556,91,10,2,7,0,3,64,77,57,71,42,58,35,72,32,17,41,20,19,10,10,14,10,12,8,95,105,110,120,54,77,108
2012-12-16,659,442,213,4,548,80,7,4,15,0,5,58,57,44,90,45,50,43,72,30,21,43,19,15,10,15,14,11,14,8,92,108,102,108,69,87,93
2012-12-23,695,488,202,5,594,77,7,2,13,0,2,61,88,43,75,45,49,47,73,40,29,43,16,12,16,19,18,4,10,7,97,94,103,139,81,99,82
2012-12-30,473,323,145,5,403,53,3,3,5,0,6,48,61,38,48,33,19,38,45,20,16,33,17,10,9,15,9,8,6,0,77,94,40,81,42,60,79
2013-01-06,329,181,143,5,259,49,7,3,8,0,3,24,37,31,37,18,21,22,34,9,12,20,10,9,10,12,9,7,6,1,54,57,25,74,35,45,39
2013-01-13,483,307,173,3,393,67,7,2,11,0,3,51,57,39,62,44,27,24,44,20,14,28,16,9,3,14,18,6,5,2,86,63,77,83,45,89,40
2013-01-20,571,363,202,6,479,65,7,11,7,0,2,39,72,57,61,30,39,40,58,29,21,32,21,16,8,14,10,13,5,6,96,83,73,111,58,74,76
2013-01-27,615,384,220,11,504,79,6,8,9,0,9,60,61,41,65,38,48,46,66,29,19,37,14,10,20,11,24,13,9,4,74,105,85,106,70,88,87
2013-02-03,626,423,201,2,534,61,6,5,16,0,4,63,60,36,78,40,54,39,73,24,23,41,15,11,12,14,15,13,10,5,88,97,85,99,62,110,85
2013-02-10,635,414,216,5,527,78,5,5,16,0,4,45,74,55,77,39,51,37,74,21,21,40,16,13,18,17,21,10,2,4,56,77,102,123,65,111,101
2013-02-17,598,401,196,1,518,61,2,5,10,0,2,49,57,54,79,44,45,31,73,20,24,35,12,11,10,15,20,9,7,3,84,97,84,101,48,85,99
2013-02-24,560,361,197,2,459,73,3,8,10,0,7,53,55,31,70,42,44,43,56,27,13,32,10,19,13,18,12,12,5,5,87,93,87,70,54,97,72
2013-03-03,613,420,189,4,525,65,2,8,9,0,4,56,64,43,76,39,51,44,54,29,23,45,14,23,10,9,12,12,5,4,87,86,95,112,53,101,79
2013-03-10,574,384,186,4,481,72,1,4,13,0,3,54,64,55,63,38,41,33,53,17,18,40,19,13,14,12,12,17,5,6,91,80,86,87,45,97,88
2013-03-17,694,445,244,5,562,92,3,14,17,0,6,71,82,37,86,40,60,48,69,27,30,38,9,15,16,21,14,15,10,6,79,115,88,132,83,115,82
2013-03-24,616,417,196,3,521,72,3,8,10,0,2,48,74,58,72,36,62,58,65,15,20,38,6,13,6,16,11,14,2,2,92,96,96,115,50,82,85
2013-03-31,349,223,122,4,280,52,4,5,2,0,6,38,51,27,37,19,31,14,24,17,13,22,13,7,7,9,7,6,6,1,25,92,87,19,35,41,50
2013-04-07,584,388,190,6,495,64,3,11,10,0,1,45,60,47,53,35,48,50,73,21,21,37,17,13,13,11,13,13,6,8,75,89,79,114,50,101,76
2013-04-14,582,382,197,3,504,63,6,2,4,0,3,43,67,42,50,45,41,41,66,38,19,37,12,14,11,17,15,8,6,10,86,80,86,100,51,95,84
2013-04-21,632,421,208,3,536,69,6,6,12,0,3,49,79,40,76,53,57,43,57,31,29,34,13,15,3,7,15,19,5,7,87,100,92,105,48,100,100
2013-04-28,610,421,188,1,507,84,5,8,5,0,1,52,85,34,66,54,44,33,59,24,18,48,17,11,13,9,12,13,9,9,97,76,80,87,64,113,93
2013-05-05,613,426,184,3,518,79,4,4,6,0,2,55,62,58,67,50,47,42,67,26,10,26,14,17,7,17,20,14,7,7,84,67,98,114,60,100,90
2013-05-12,688,467,218,3,584,79,6,8,8,0,3,65,60,57,76,58,50,40,84,23,18,48,16,20,12,13,25,14,4,5,94,103,112,92,78,102,107
2013-05-19,540,379,158,3,456,69,4,6,5,0,0,49,58,55,59,40,43,40,46,29,14,27,12,15,12,8,15,11,2,5,72,75,92,107,60,98,36
2013-05-26,684,487,193,4,584,81,4,5,8,0,2,56,76,54,84,47,53,40,69,33,33,47,9,15,9,15,14,13,6,11,91,101,104,108,60,110,110
2013-06-02,582,383,195,4,502,57,6,5,8,0,4,57,58,68,53,41,46,33,57,24,22,33,14,10,15,15,10,15,6,5,83,102,94,97,48,90,68
2013-06-09,524,356,161,7,440,68,3,6,5,0,2,62,74,40,56,29,33,41,58,21,18,25,7,13,10,4,13,7,5,8,84,73,82,112,39,89,45
2013-06-16,557,369,183,5,473,64,4,5,7,0,4,38,72,45,60,38,44,38,55,22,13,36,19,13,10,10,18,16,4,6,80,77,108,73,75,109,35
2013-06-23,539,351,186,2,449,64,5,5,15,0,1,52,55,45,54,28,45,34,53,28,17,33,16,12,17,8,19,11,6,6,86,66,95,92,41,86,73
2013-06-30,529,362,164,3,440,66,6,6,8,0,3,44,56,48,51,30,45,37,41,19,17,40,14,15,14,17,19,10,5,7,98,95,81,76,41,73,65
2013-07-07,538,357,175,6,444,69,4,13,6,0,2,50,65,47,53,48,44,27,53,27,16,33,13,12,7,13,15,7,7,1,65,81,95,83,68,100,46
2013-07-14,561,368,187,6,470,70,3,9,7,0,2,46,55,53,55,45,37,40,42,23,25,40,9,14,16,16,20,12,8,5,70,87,94,89,58,82,81
2013-07-21,504,332,167,5,421,66,4,2,9,1,1,45,42,39,70,28,38,33,47,26,25,38,12,11,8,13,14,7,2,6,86,82,76,81,55,45,79
2013-07-28,507,322,177,8,405,81,4,7,9,0,1,37,54,53,53,29,32,32,47,30,26,33,17,12,8,7,14,13,6,4,66,75,90,78,54,75,69
2013-08-04,564,397,161,6,479,60,4,10,10,0,1,46,64,42,57,34,45,47,44,29,26,48,16,18,7,11,14,6,2,8,79,73,77,102,51,99,83
2013-08-11,530,356,171,3,456,59,2,4,9,0,0,44,49,41,65,36,39,50,56,22,24,33,10,12,8,8,14,9,4,6,79,51,93,89,55,80,83
2013-08-18,545,383,156,6,470,63,3,3,6,0,0,43,64,44,53,32,46,47,51,20,18,39,20,12,7,12,13,7,9,8,76,78,86,104,50,79,72
2013-08-25,514,356,155,3,433,58,7,3,10,0,3,50,60,27,56,28,50,41,56,21,12,36,11,9,7,10,20,4,7,9,79,87,86,87,71,70,34
2013-09-01,510,352,153,5,447,48,6,5,3,0,1,41,49,36,50,31,37,32,70,24,17,30,14,19,11,9,14,12,3,11,49,86,89,71,63,84,68
2013-09-08,562,412,144,6,478,63,5,2,11,1,2,51,54,44,50,51,52,25,72,24,17,32,14,17,8,10,17,11,6,7,75,91,83,102,48,80,83
2013-09-15,546,373,167,6,456,67,6,6,10,1,0,52,58,64,73,29,32,41,42,22,26,35,10,13,9,13,11,5,4,7,77,78,84,95,47,94,71
2013-09-22,578,386,185,7,485,63,3,7,17,0,3,48,66,46,56,43,42,30,61,42,24,37,13,9,8,8,16,11,10,8,88,89,88,89,54,95,75
2013-09-29,569,374,190,5,478,64,4,8,12,0,3,47,59,45,50,40,45,43,68,23,19,39,16,10,6,21,13,10,8,7,72,88,84,100,52,100,73
2013-10-06,602,411,184,7,511,66,5,3,11,1,5,54,65,50,58,37,52,41,54,24,28,40,15,18,12,8,21,15,5,5,83,79,97,93,53,105,92
2013-10-13,567,358,199,10,467,78,4,5,9,0,4,60,62,45,44,36,55,42,40,30,20,37,20,15,9,10,15,12,7,8,74,101,85,96,38,79,94
2013-10-20,499,324,171,4,412,66,4,5,11,0,1,53,45,49,51,37,37,34,54,23,15,21,6,15,11,11,19,6,7,5,75,94,77,95,44,73,41
2013-10-27,617,412,201,4,519,75,3,4,14,0,2,65,71,56,62,43,55,35,60,28,21,36,17,15,10,11,17,4,5,6,93,85,98,106,59,97,79
2013-11-03,626,418,205,3,516,85,2,9,14,0,0,61,70,60,69,39,43,48,61,27,18,35,9,14,15,12,17,17,6,5,93,79,124,97,38,97,98
2013-11-10,596,434,159,3,522,58,3,5,8,0,0,54,79,47,63,39,53,34,52,19,27,38,9,22,17,8,17,11,4,3,83,97,113,105,48,92,58
2013-11-17,554,363,185,6,453,78,2,5,12,0,4,45,57,49,59,39,47,34,45,26,20,36,9,25,14,7,18,9,9,6,99,83,96,80,52,107,37
2013-11-24,607,415,188,4,512,70,6,9,7,0,3,59,84,38,69,43,42,47,53,22,28,39,14,12,8,8,14,17,5,5,91,77,97,98,69,104,71
2013-12-01,646,449,194,3,548,67,4,9,17,0,1,63,61,59,74,35,47,48,60,35,17,54,19,18,10,9,13,9,6,9,77,87,116,99,62,108,97
2013-12-08,668,459,201,8,563,74,2,7,19,0,3,66,56,40,82,49,56,57,77,33,15,47,16,15,11,15,14,8,6,5,104,88,105,112,64,100,95
2013-12-15,627,418,200,9,526,85,2,5,7,0,2,58,56,51,56,53,53,44,63,29,21,52,19,16,13,11,9,9,6,8,110,89,94,76,64,114,80
2013-12-22,649,464,181,4,555,71,4,7,10,0,2,72,77,48,72,51,36,28,71,51,14,45,10,21,7,8,17,8,5,8,103,105,95,89,69,87,101
2013-12-29,423,281,133,9,361,52,1,4,4,0,1,34,45,40,44,33,28,28,34,17,10,27,23,11,8,10,11,11,5,4,67,35,59,71,41,58,92
2014-01-05,329,225,100,4,276,45,0,1,4,0,3,44,36,26,29,33,13,16,16,13,5,23,14,19,4,7,15,7,4,5,58,32,52,50,32,38,67
2014-01-12,390,274,113,3,331,37,5,6,8,0,3,34,58,29,41,30,29,26,40,14,11,22,10,11,3,4,9,8,8,3,61,61,69,73,43,59,24
2014-01-19,476,308,163,5,380,64,3,11,13,0,5,37,56,27,49,36,24,35,54,20,13,26,16,13,15,9,13,15,13,5,68,80,61,82,43,62,80
2014-01-26,551,367,176,8,469,60,2,10,8,0,2,67,55,33,59,52,40,33,47,20,21,27,12,27,6,10,22,11,5,4,90,78,79,80,51,86,87
2014-02-02,544,367,174,3,458,65,5,3,9,0,4,37,57,36,63,25,50,36,67,36,16,33,11,13,10,7,22,11,8,6,77,73,67,98,52,98,79
2014-02-09,591,390,195,6,501,64,8,4,12,0,2,62,67,42,50,48,44,41,66,19,20,51,11,8,11,16,14,12,3,6,59,101,92,126,53,87,73
2014-02-16,603,404,194,5,511,64,6,7,15,0,0,59,62,35,70,41,57,39,74,25,13,37,15,13,8,13,12,7,12,11,107,91,80,86,66,97,76
2014-02-23,596,406,182,8,504,65,5,6,11,0,5,69,79,38,56,44,49,38,65,25,19,29,13,14,6,9,15,7,5,16,85,107,80,103,64,71,86
2014-03-02,581,405,172,4,496,61,4,8,11,0,1,63,70,43,61,35,42,38,71,31,12,37,13,11,10,10,14,9,5,6,97,85,74,95,58,100,72
2014-03-09,632,423,202,7,537,71,2,13,9,0,0,66,65,54,59,37,66,45,73,19,17,35,18,24,11,8,12,12,4,7,96,86,99,109,56,91,95
2014-03-16,604,431,172,1,518,60,4,5,15,0,2,68,68,29,75,52,41,42,56,38,12,40,17,21,7,7,13,8,4,6,99,89,100,96,47,87,86
2014-03-23,611,415,187,9,528,66,0,4,10,0,3,63,72,41,51,36,52,42,70,24,24,34,16,19,10,15,24,10,6,2,99,92,101,101,44,79,95
2014-03-30,570,392,174,4,499,61,0,3,5,0,2,57,77,30,71,46,43,32,56,20,23,30,19,10,13,8,15,6,6,8,78,93,86,114,53,100,46
2014-04-06,599,432,163,4,512,61,3,12,10,0,1,58,64,36,56,49,53,43,58,27,30,34,14,17,11,10,20,7,7,5,116,97,90,83,41,91,81
2014-04-13,609,373,235,1,503,78,3,8,14,0,3,57,69,36,64,47,41,45,67,29,20,34,15,20,11,8,22,12,7,5,100,91,92,108,55,73,90
2014-04-20,429,295,130,4,361,45,5,6,11,0,1,47,54,35,39,28,27,26,36,25,17,20,14,13,8,11,11,9,5,4,60,83,95,18,37,42,94
2014-04-27,610,413,188,9,521,73,5,4,6,0,1,57,68,41,68,44,52,40,51,19,23,46,21,23,11,7,17,10,5,7,104,86,81,108,44,90,97
2014-05-04,609,413,193,3,517,69,2,8,12,0,1,55,56,46,59,52,43,46,58,23,25,40,23,19,10,11,17,20,3,3,53,112,93,94,66,87,104
2014-05-11,669,484,180,5,583,62,4,11,7,0,2,71,78,50,79,34,54,42,77,25,23,41,18,14,11,15,14,14,4,5,86,91,85,116,70,102,119
2014-05-18,572,380,186,6,473,70,7,8,13,0,1,57,75,46,71,35,33,33,64,20,23,33,20,14,3,14,14,6,6,5,96,74,90,84,53,85,90
2014-05-25,594,408,182,4,505,62,6,10,11,0,0,64,59,46,58,41,58,36,62,24,19,33,21,16,8,12,13,13,6,5,81,98,93,119,52,91,60
2014-06-01,633,419,213,1,539,56,6,8,21,0,3,72,77,42,69,43,41,49,62,23,21,45,8,21,15,9,14,12,8,2,82,103,106,104,57,75,106
2014-06-08,525,363,160,2,445,59,2,4,15,0,0,49,66,44,51,41,34,34,48,17,14,36,22,14,12,14,11,12,4,2,79,80,88,99,51,85,43
2014-06-15,612,416,193,3,506,72,3,12,18,0,1,54,75,53,72,55,34,32,58,30,15,41,18,19,3,13,14,8,14,4,85,109,97,92,36,95,98
2014-06-22,549,382,167,0,466,55,7,5,14,0,2,45,62,43,37,34,41,35,74,28,16,39,15,11,10,14,16,11,12,6,78,88,96,84,57,66,80
2014-06-29,479,328,144,7,413,50,2,4,10,0,0,58,53,32,50,23,34,27,60,19,11,22,15,25,6,8,16,10,5,5,73,87,86,57,44,75,57
2014-07-06,486,305,175,6,402,60,5,2,16,0,1,63,53,37,52,49,25,32,41,19,15,25,14,13,5,10,14,12,3,4,84,91,78,74,48,77,34
2014-07-13,513,362,147,4,435,55,2,8,12,0,1,59,71,31,47,40,32,30,57,18,13,30,12,12,10,14,18,10,5,4,66,86,79,77,60,70,75
2014-07-20,542,363,175,4,455,72,3,3,9,0,0,56,64,43,51,50,46,32,49,17,16,22,15,28,8,8,17,11,7,2,88,67,91,78,53,80,85
2014-07-27,547,356,188,3,456,69,0,7,15,0,0,64,61,33,63,50,36,29,51,17,9,38,20,21,7,15,20,9,3,1,86,67,87,97,45,84,81
2014-08-03,581,380,191,10,483,75,2,7,13,1,0,59,69,39,65,50,42,36,49,29,14,31,16,23,6,14,23,9,4,3,82,95,85,78,58,94,89
2014-08-10,551,369,179,3,467,59,3,12,10,0,0,71,68,39,57,50,35,33,49,21,18,38,11,12,7,10,15,11,5,1,37,105,83,111,42,87,86
2014-08-17,575,373,199,3,460,79,8,13,15,0,0,61,72,33,67,31,46,35,53,27,21,35,17,18,9,11,15,11,8,5,72,84,87,101,49,89,93
2014-08-24,515,341,171,3,443,51,4,7,10,0,0,55,63,37,46,33,38,36,54,19,11,26,17,15,9,21,11,10,8,6,87,80,93,90,50,81,34
2014-08-31,656,465,188,3,569,67,3,5,10,0,2,69,79,44,69,47,59,38,69,32,21,33,18,18,8,10,15,16,6,5,95,82,96,127,62,100,94
2014-09-07,628,422,202,4,525,81,4,5,12,0,1,68,79,50,62,52,46,33,71,12,16,44,14,17,7,10,19,9,15,4,101,103,86,98,69,77,94
2014-09-14,601,399,195,7,510,65,2,9,14,0,1,56,84,33,75,51,47,36,59,22,24,33,13,14,8,12,18,8,4,4,71,90,106,105,77,81,71
2014-09-21,672,472,191,9,578,78,3,6,7,0,0,59,65,62,68,46,62,49,66,34,20,42,15,17,9,12,17,13,8,8,95,101,96,114,57,116,93
2014-09-28,624,413,205,6,533,69,1,7,13,0,1,61,84,38,69,58,29,35,76,19,18,50,15,23,5,9,15,12,2,6,105,81,101,102,46,97,92
2014-10-05,541,362,170,9,469,57,3,5,7,0,0,48,63,34,61,50,40,41,40,28,17,30,11,17,9,11,11,11,11,8,90,64,93,105,41,62,86
2014-10-12,469,324,137,8,403,47,3,5,11,0,0,32,50,34,53,31,36,33,57,22,13,27,16,18,9,7,9,10,4,8,71,93,66,68,42,60,69
2014-10-19,492,314,169,9,401,68,6,4,13,0,0,49,67,35,49,35,36,29,65,15,19,25,8,18,9,10,5,9,8,1,86,75,71,105,40,73,42
2014-10-26,521,331,181,9,440,55,7,4,15,0,0,36,68,40,63,49,48,26,62,27,9,28,9,13,8,7,10,8,5,5,69,85,72,73,62,76,84
2014-11-02,597,431,161,5,515,60,4,4,14,0,0,52,69,41,79,37,57,42,68,23,15,34,14,8,15,10,14,7,8,4,87,91,95,101,52,77,94
2014-11-09,501,335,149,17,427,58,4,1,11,0,0,46,62,30,54,39,50,25,61,17,17,33,10,16,11,7,7,8,5,3,75,77,96,87,46,79,41
2014-11-16,495,330,155,10,415,63,1,5,11,0,0,41,59,32,48,38,36,32,62,30,16,36,6,18,4,4,17,7,6,3,76,54,73,86,42,76,88
2014-11-23,523,368,144,11,446,55,7,4,11,0,0,45,59,45,59,35,40,33,54,17,14,33,13,25,6,7,17,11,4,6,86,87,90,64,55,96,45
2014-11-30,561,357,187,17,461,78,4,1,17,0,0,41,61,46,52,44,44,42,66,24,12,31,14,11,12,14,23,10,3,11,83,88,82,86,51,95,76
2014-12-07,553,377,168,8,467,66,7,0,13,0,0,48,56,37,55,51,50,36,69,22,18,40,12,14,12,6,16,7,1,3,82,82,81,100,58,77,73
2014-12-14,510,364,136,10,447,51,4,1,7,0,0,42,51,39,53,43,27,48,69,21,7,35,14,16,2,8,15,13,2,5,91,74,102,72,46,94,31
2014-12-21,576,395,172,9,491,70,2,3,10,0,0,46,56,46,64,54,41,29,65,34,19,33,11,15,8,14,19,10,6,6,81,83,89,99,57,82,85
2014-12-28,427,286,132,9,356,50,8,2,11,0,0,39,51,38,46,35,23,35,38,25,11,26,10,14,7,9,8,5,4,3,31,66,95,58,25,51,101
2015-01-04,290,187,102,1,233,39,6,2,9,1,0,34,42,22,41,12,17,15,17,16,10,12,5,11,4,6,10,7,7,2,9,43,56,45,38,35,64
2015-01-11,351,223,122,6,304,35,2,1,9,0,0,29,38,35,55,20,20,22,26,19,14,18,9,9,6,7,8,9,4,3,57,49,53,62,23,49,58
2015-01-18,452,297,145,10,381,50,7,2,12,0,0,47,45,32,58,42,41,28,40,13,11,23,17,11,6,10,8,14,3,3,74,73,66,94,43,68,34
2015-01-25,457,291,156,10,365,65,3,5,19,0,0,35,52,30,56,30,25,26,49,18,18,28,25,17,5,7,21,10,2,3,73,59,64,83,39,75,64
2015-02-01,515,332,175,8,428,63,10,1,13,0,0,47,65,30,53,35,36,39,62,27,21,27,13,11,2,14,13,11,3,6,73,80,80,76,61,61,84
2015-02-08,491,324,160,7,421,52,2,1,14,0,1,40,49,40,43,33,40,39,72,18,16,30,12,18,9,7,10,7,7,1,41,69,78,87,50,102,64
2015-02-15,515,339,171,5,432,66,4,3,10,0,0,49,61,45,57,32,36,20,63,18,21,27,13,19,9,9,16,12,4,4,63,71,81,84,45,83,88
2015-02-22,598,388,202,8,508,63,4,4,19,0,0,55,75,40,65,44,44,40,69,20,22,46,10,15,11,12,15,8,2,5,94,95,98,103,40,82,86
2015-03-01,566,373,181,12,484,65,4,3,9,0,1,46,66,49,67,38,47,31,72,16,17,32,18,11,4,12,17,10,9,4,93,96,64,93,55,72,93
2015-03-08,519,326,182,11,430,67,1,6,14,0,1,43,61,34,58,53,32,34,47,14,24,26,18,20,9,17,15,8,1,5,78,71,90,70,63,67,80
2015-03-15,557,357,196,4,472,61,3,3,18,0,0,46,63,50,65,38,36,37,73,23,13,26,17,18,1,10,16,15,5,5,94,104,63,99,56,70,71
2015-03-22,549,339,205,5,446,77,4,5,17,0,0,42,65,46,64,43,34,41,66,22,12,31,18,11,4,12,27,6,2,3,83,71,69,106,52,89,79
2015-03-29,453,278,166,9,364,65,5,4,15,0,0,41,59,26,48,33,33,30,54,21,16,27,17,14,5,6,11,9,2,1,53,80,81,94,50,61,34
2015-04-05,360,216,134,10,294,46,7,2,11,0,0,33,40,27,36,25,22,18,30,18,12,17,11,17,11,10,13,9,5,6,39,70,68,37,41,45,60
2015-04-12,482,294,181,7,401,61,4,4,12,0,0,43,60,28,54,43,29,35,45,24,19,34,9,17,10,9,10,6,4,3,80,72,79,79,45,73,54
2015-04-19,598,392,190,16,517,66,2,2,11,0,0,62,67,48,73,42,49,33,60,27,25,24,14,13,5,20,17,13,3,3,99,106,71,96,43,86,97
2015-04-26,514,343,158,13,429,69,3,6,7,0,0,44,73,43,54,29,38,24,66,23,18,23,16,11,8,15,11,7,8,3,77,44,66,96,53,105,73
2015-05-03,516,310,195,11,422,79,4,3,8,0,0,45,72,35,50,39,32,27,44,22,17,36,20,17,8,15,17,9,8,3,85,81,79,50,60,74,87
2015-05-10,558,358,191,9,461,73,6,3,15,0,0,57,67,28,71,48,38,40,70,11,14,30,14,14,9,15,16,8,4,4,85,85,69,100,57,84,78
2015-05-17,554,355,185,14,469,67,5,0,13,0,0,57,68,41,62,40,47,25,45,24,24,29,12,18,8,18,18,6,8,4,84,73,71,98,44,91,93
2015-05-24,443,269,160,14,362,51,7,0,23,0,0,49,50,28,36,30,34,33,47,20,19,28,13,11,3,10,10,12,9,1,68,68,91,65,50,68,33
2015-05-31,566,361,188,17,481,63,6,4,12,0,0,47,58,42,69,37,47,34,57,32,23,34,18,8,10,24,12,4,6,4,104,75,82,85,51,76,93
2015-06-07,680,426,244,10,566,80,5,5,24,0,0,76,67,41,57,48,41,44,60,28,20,49,16,28,22,20,33,11,15,4,104,94,99,111,54,90,128
2015-06-14,549,355,188,6,475,55,5,5,9,0,0,59,55,50,65,25,31,37,56,19,19,26,20,14,14,11,26,11,9,2,107,81,80,97,55,85,44
2015-06-21,532,336,187,9,449,56,8,5,13,1,0,61,51,34,59,34,34,24,56,20,17,32,17,16,14,12,29,9,5,8,88,88,80,84,59,81,52
2015-06-28,575,390,175,10,485,67,8,1,14,0,0,59,61,38,61,37,34,27,57,23,20,37,16,25,20,11,27,8,10,4,98,70,92,97,47,84,87
2015-07-05,523,312,202,9,428,73,6,4,12,0,0,55,66,35,56,35,26,30,60,12,12,31,18,12,11,14,26,10,7,7,83,85,90,87,58,81,39
2015-07-12,601,386,204,11,496,75,4,2,24,0,0,72,70,42,65,41,34,22,64,20,14,29,15,20,21,15,25,10,17,5,100,74,86,93,67,93,88
2015-07-19,658,441,208,9,551,77,7,1,22,0,0,58,58,60,64,35,40,52,70,20,22,29,26,20,12,17,35,13,20,7,99,93,89,127,64,104,82
2015-07-26,596,361,226,9,496,82,3,2,13,0,0,60,59,46,74,29,38,35,48,20,23,34,23,17,16,18,31,14,8,3,76,105,113,87,59,93,63
2015-08-02,555,340,206,9,461,72,2,2,18,0,0,52,51,34,55,41,45,32,58,18,15,36,25,17,11,19,25,14,5,2,85,83,79,87,79,69,73
2015-08-09,495,286,200,9,411,68,7,2,7,0,0,55,39,34,57,28,39,36,47,20,12,26,12,18,17,11,21,10,10,3,93,93,85,51,37,58,78
2015-08-16,600,372,220,8,509,68,6,3,14,0,0,64,63,36,62,34,29,30,75,20,19,38,16,17,18,16,33,13,10,7,87,91,69,92,63,108,90
2015-08-23,542,349,187,6,468,53,9,2,10,0,0,51,59,36,59,33,37,25,59,12,14,39,20,18,18,14,27,11,7,3,88,91,99,81,57,76,50
2015-08-30,625,385,230,10,527,72,7,1,18,0,0,70,72,48,67,39,39,43,52,17,17,40,16,25,24,14,19,12,8,3,94,85,78,86,57,109,116
2015-09-06,664,408,245,11,544,90,8,6,16,0,0,72,64,43,73,49,33,44,74,30,15,32,15,26,16,20,33,13,8,4,101,125,89,86,77,87,99
2015-09-13,657,410,238,9,555,81,6,0,15,0,0,89,75,49,68,47,40,23,62,15,17,38,21,24,20,13,29,12,10,5,106,89,104,110,55,103,90
2015-09-20,612,392,211,9,518,66,5,6,17,0,0,59,71,54,63,46,43,31,72,10,10,42,18,20,13,19,19,10,8,4,94,92,80,97,57,95,97
2015-09-27,617,389,210,18,517,69,5,3,23,0,0,64,61,49,80,40,32,25,77,15,16,38,20,23,13,19,20,8,8,9,89,106,57,117,78,83,87
2015-10-04,605,395,206,4,507,77,4,2,15,0,0,80,45,49,81,36,23,41,57,19,23,28,15,21,22,16,26,6,10,7,117,79,78,102,50,88,91
2015-10-11,525,308,198,19,427,68,4,5,21,0,0,38,50,33,58,43,44,29,44,20,14,31,14,24,12,18,28,12,10,3,76,71,72,79,56,76,95
2015-10-18,564,373,185,6,487,56,6,5,10,0,0,65,50,38,62,32,34,40,59,15,18,29,17,19,18,17,23,11,13,4,82,97,105,78,67,86,49
2015-10-25,669,426,229,14,557,80,6,2,23,0,1,67,60,59,78,38,30,38,71,27,15,44,19,18,16,26,28,14,15,6,94,114,104,113,62,96,86
2015-11-01,605,355,240,10,494,85,5,3,18,0,0,64,59,42,62,35,47,32,64,20,15,42,23,25,13,18,21,10,11,2,85,92,109,75,64,100,80
2015-11-08,590,444,135,11,521,53,3,1,12,0,0,62,64,68,59,33,37,42,61,16,14,25,16,19,16,15,21,11,6,5,93,97,98,94,64,95,49
2015-11-15,595,405,177,13,505,75,5,2,8,0,0,68,62,46,59,41,31,26,61,29,13,37,23,19,15,11,21,9,13,11,86,86,100,94,49,86,94
2015-11-22,572,410,153,9,491,57,8,1,15,0,0,59,65,32,63,43,29,43,54,21,22,34,19,13,15,16,23,10,10,1,106,90,100,103,51,78,44
2015-11-29,640,437,194,9,541,77,5,0,17,0,0,71,68,51,61,48,34,40,62,20,11,45,19,29,17,18,25,11,4,6,93,107,91,116,62,89,82
2015-12-06,584,378,191,15,496,59,9,1,19,0,0,71,63,52,63,50,40,33,49,26,11,32,18,23,4,9,20,12,5,3,91,73,90,87,47,89,107
2015-12-13,588,383,186,19,490,79,3,4,12,0,0,61,62,44,71,42,29,41,55,17,19,35,18,27,13,13,19,6,9,7,75,110,54,108,54,97,90
2015-12-20,579,400,165,14,498,57,5,1,18,0,0,73,54,54,57,54,32,38,48,16,11,35,17,10,18,12,30,6,8,6,80,94,71,96,53,92,93
2015-12-27,476,340,129,7,405,58,2,1,10,0,0,50,63,40,50,41,20,27,41,18,13,34,15,14,6,14,21,5,3,1,79,75,96,28,48,47,103
2016-01-03,336,215,114,7,282,42,1,1,10,0,0,34,45,18,37,24,11,18,25,6,8,19,12,13,12,11,19,10,10,4,50,56,53,28,40,29,80
2016-01-10,411,254,145,12,339,53,1,2,16,0,0,44,47,34,47,33,23,20,36,10,12,21,11,17,14,10,16,8,6,2,51,56,70,76,40,62,56
2016-01-17,486,309,167,10,406,65,4,0,11,0,0,48,54,34,61,34,20,25,39,14,10,40,11,14,16,13,27,16,9,1,67,80,79,87,49,88,36
2016-01-24,495,314,178,3,410,58,6,3,18,0,0,60,57,38,58,31,25,24,48,13,11,24,13,18,7,19,28,4,11,6,65,68,86,74,51,75,76
2016-01-31,585,374,193,18,491,74,3,2,15,0,0,63,58,34,66,49,51,28,60,14,15,28,19,27,8,18,28,8,11,0,83,96,81,96,54,76,99
2016-02-07,589,389,194,6,492,75,3,6,13,0,0,58,55,45,88,41,36,30,55,24,20,23,20,16,16,16,25,12,5,4,51,117,100,68,50,99,104
2016-02-14,647,431,206,10,555,72,7,1,12,0,0,86,62,59,73,41,53,34,58,14,15,35,20,19,12,20,27,9,8,2,113,77,89,104,72,87,105
2016-02-21,617,397,209,11,512,79,3,3,20,0,0,66,65,38,82,42,41,36,53,21,17,34,18,25,18,17,25,6,9,4,94,111,85,95,54,96,82
2016-02-28,645,432,204,9,549,71,6,3,15,0,1,74,63,37,98,53,41,44,53,16,18,24,22,15,10,16,39,6,11,5,90,92,101,111,69,112,70
2016-03-06,670,450,212,8,580,69,9,1,11,0,0,68,68,48,69,49,48,33,72,23,23,37,18,28,11,20,28,17,6,4,106,99,90,118,64,105,88
2016-03-13,648,431,204,13,561,66,3,2,16,0,0,60,65,49,72,39,38,57,69,18,15,38,22,30,10,13,27,11,11,4,84,92,97,109,58,105,103
2016-03-20,665,431,219,15,572,69,6,0,18,0,0,92,63,53,88,38,42,34,57,24,16,34,21,29,11,11,24,14,9,5,96,91,92,124,68,116,78
2016-03-27,400,261,133,6,331,47,5,4,13,0,0,56,47,29,37,30,24,19,29,9,11,11,14,18,20,9,14,8,9,6,43,85,87,37,51,46,51
2016-04-03,675,458,205,12,574,65,10,1,25,0,0,75,77,55,76,53,37,41,50,21,21,44,20,25,15,11,32,12,5,5,85,102,95,122,69,106,96
2016-04-10,673,458,207,8,564,74,6,1,28,0,0,84,76,49,86,47,47,42,46,24,13,28,22,27,18,11,28,9,12,4,107,83,114,96,64,92,117
2016-04-17,610,407,192,11,533,55,1,2,19,0,0,75,76,32,76,42,43,38,57,10,8,38,17,29,12,12,26,12,5,2,95,85,89,98,66,89,88
2016-04-24,627,431,186,10,550,59,6,0,12,0,0,72,78,52,68,34,53,35,54,20,22,33,14,27,14,12,21,8,6,4,92,99,84,114,67,92,79
2016-05-01,645,462,173,10,565,57,7,3,13,0,0,78,88,56,71,42,45,40,55,16,17,33,14,24,8,16,18,15,5,4,95,97,96,116,44,97,100
2016-05-08,687,462,209,16,591,74,3,0,18,0,1,91,71,59,73,52,55,33,68,19,22,33,16,34,6,12,24,10,6,3,110,97,113,106,58,95,108
2016-05-15,646,442,191,13,554,64,8,1,19,0,0,71,67,55,90,28,51,34,65,14,20,33,10,25,12,18,29,12,6,6,92,104,99,111,74,115,51
2016-05-22,704,477,220,7,596,74,15,4,15,0,0,64,72,55,103,53,49,33,58,28,22,35,12,37,8,13,35,19,3,5,110,91,106,97,77,112,111
2016-05-29,688,480,200,8,585,81,8,1,12,0,1,76,71,58,84,42,45,29,76,21,21,28,21,18,8,14,40,18,12,6,110,107,109,99,51,105,107
2016-06-05,595,398,185,12,508,61,7,4,15,0,0,80,60,59,72,44,46,30,56,9,9,28,17,21,8,12,23,12,8,1,96,103,94,92,62,89,59
2016-06-12,675,468,191,16,593,56,7,2,17,0,0,79,85,55,74,51,36,39,62,22,20,31,22,17,10,18,31,9,12,2,110,119,119,108,62,102,55
2016-06-19,631,419,201,11,541,63,7,1,19,0,0,78,68,68,53,31,41,30,63,23,22,33,15,25,7,21,31,10,9,3,98,82,98,98,65,101,89
2016-06-26,588,386,187,15,505,61,6,2,14,0,0,71,52,58,59,41,50,31,54,27,14,30,19,16,5,11,28,12,5,5,74,71,87,89,75,95,97
2016-07-03,637,427,202,8,547,62,10,3,15,0,0,65,72,58,54,52,49,31,45,25,18,35,12,40,8,17,28,19,5,4,84,112,93,94,78,69,107
2016-07-10,602,400,189,13,507,69,6,1,19,0,0,72,65,58,77,43,38,22,33,16,14,34,20,24,14,15,35,10,8,4,87,114,112,81,56,87,65
2016-07-17,586,393,186,7,501,68,4,0,13,0,0,60,60,50,56,42,44,36,50,18,20,34,19,27,6,19,22,11,6,6,84,78,85,102,63,94,80
2016-07-24,596,403,186,7,519,50,9,0,17,0,1,63,79,54,60,32,38,36,48,20,25,36,12,27,4,12,27,12,8,3,99,53,104,102,41,88,109
2016-07-31,620,430,176,14,535,53,7,2,23,0,0,64,78,63,70,41,43,30,56,24,19,35,14,21,5,18,19,12,6,2,93,98,103,93,51,105,77
2016-08-07,619,414,193,12,518,63,10,3,25,0,0,62,74,53,72,36,47,25,63,17,19,36,10,25,15,13,29,13,5,5,86,89,105,85,56,102,96
2016-08-14,638,435,186,17,534,85,6,1,12,0,0,72,73,52,53,53,35,33,46,25,27,38,10,32,12,17,30,14,11,5,88,96,111,98,51,93,101
2016-08-21,642,447,186,9,567,57,6,0,12,0,0,77,70,52,68,42,58,41,49,15,16,29,22,29,6,16,26,12,11,3,108,107,105,119,59,90,54
2016-08-28,674,461,201,12,569,80,8,4,13,0,0,76,74,47,82,49,44,44,53,21,27,41,19,31,9,12,29,8,5,3,99,94,111,103,58,86,123
2016-09-04,642,438,193,11,546,74,6,3,13,0,0,61,78,67,63,42,42,31,50,16,22,46,19,28,9,15,29,14,6,4,90,86,104,105,72,82,103
2016-09-11,666,465,187,14,577,64,8,1,16,0,0,70,74,60,67,47,58,31,58,19,19,28,17,27,9,17,33,13,10,9,111,96,102,104,68,101,84
2016-09-18,686,454,221,11,571,86,7,0,22,0,0,68,65,62,73,46,59,35,61,23,23,34,19,26,13,20,34,13,5,7,105,95,99,115,53,106,113
2016-09-25,676,448,217,11,579,77,6,0,14,0,0,68,80,57,83,40,32,41,61,26,26,24,16,33,6,22,33,11,13,4,105,105,96,104,85,88,93
2016-10-02,726,502,219,5,642,55,4,1,24,0,0,84,78,67,75,47,65,39,71,20,17,33,18,28,10,18,26,10,13,7,111,102,91,127,84,110,101
2016-10-09,674,444,218,12,571,73,8,1,21,0,0,84,71,63,60,54,61,36,61,14,17,36,14,21,3,21,30,14,7,7,99,100,94,106,52,117,106
2016-10-16,677,441,217,19,580,68,6,2,21,0,0,82,86,64,65,52,46,28,50,13,20,32,17,27,14,16,34,13,14,4,132,116,96,98,51,87,97
2016-10-23,634,440,184,10,545,72,5,0,12,0,0,64,65,43,71,45,57,31,56,21,16,42,18,21,6,21,33,9,8,7,120,89,113,108,51,105,48
2016-10-30,737,519,208,10,651,70,5,0,11,0,0,72,86,63,94,48,65,43,68,18,20,35,19,22,9,16,34,10,9,6,100,136,108,109,82,106,96
2016-11-06,740,524,203,13,652,65,5,0,18,0,0,81,77,62,87,57,53,44,70,30,21,47,25,21,4,11,26,6,12,6,114,116,103,120,77,103,107
2016-11-13,726,523,194,9,627,66,7,3,23,0,0,84,85,50,63,44,53,37,75,22,19,40,22,33,13,18,32,20,15,1,112,113,144,122,64,102,69
2016-11-20,732,542,177,13,637,66,11,4,14,0,0,77,78,67,66,52,65,41,61,28,12,35,18,39,15,16,39,10,6,7,109,109,138,124,62,112,78
2016-11-27,683,504,175,4,601,61,3,2,16,0,0,85,68,63,82,50,48,34,60,18,17,33,21,26,11,11,36,11,7,2,96,80,107,131,65,99,105
2016-12-04,654,469,177,8,569,63,13,1,8,0,0,73,74,66,85,46,45,27,54,12,23,26,13,22,13,13,35,11,10,6,86,77,117,78,55,128,113
2016-12-11,651,469,169,13,577,61,5,0,8,0,0,68,73,62,60,55,49,25,62,26,21,31,19,25,5,16,28,14,5,7,71,107,79,109,75,104,106
2016-12-18,657,496,153,8,583,54,6,2,12,0,0,83,75,62,73,45,41,29,59,24,8,35,17,22,8,20,38,8,5,5,111,100,83,87,64,106,106
2016-12-25,581,418,148,15,509,57,6,0,9,0,0,63,66,46,57,49,46,22,60,20,16,27,16,16,8,17,31,9,8,4,90,103,87,99,34,74,94
2017-01-01,500,354,140,6,432,53,5,0,10,0,0,53,54,51,60,37,24,25,42,16,12,12,19,28,12,16,18,11,9,1,80,79,106,80,35,55,65
2017-01-08,396,257,133,6,345,36,4,2,9,0,0,48,38,30,35,42,24,20,39,8,6,21,15,10,11,14,16,5,13,1,70,53,80,67,29,56,41
2017-01-15,500,338,156,6,434,40,9,0,17,0,0,53,50,37,59,33,28,32,43,12,11,31,15,15,13,18,22,13,9,6,91,80,76,94,50,64,45
2017-01-22,590,410,174,6,513,57,3,0,17,0,0,97,69,40,58,37,38,33,60,19,20,21,11,15,10,22,26,13,1,0,73,87,102,83,53,98,94
2017-01-29,616,447,157,12,544,57,5,2,8,0,0,97,45,49,62,47,40,40,64,18,13,35,18,17,10,14,22,14,9,2,81,95,92,107,57,92,92
2017-02-05,672,459,195,18,566,73,10,2,21,0,0,101,61,62,75,54,37,43,58,12,19,32,17,26,13,17,23,6,8,8,70,107,96,136,62,101,100
2017-02-12,778,524,240,14,651,99,5,5,18,0,0,104,93,56,66,46,47,30,85,25,17,46,27,30,20,23,35,6,13,9,96,121,127,114,80,118,122
2017-02-19,720,515,201,4,625,62,10,4,18,0,1,99,64,52,65,56,60,46,58,24,26,40,16,32,13,13,22,9,15,10,108,95,89,126,75,106,121
2017-02-26,751,524,209,18,639,76,12,5,19,0,0,82,80,70,78,43,56,57,60,20,25,36,21,23,15,20,32,13,13,7,115,109,112,111,71,113,120
2017-03-05,695,475,212,8,610,67,4,2,10,1,1,98,67,57,58,56,52,40,66,22,19,31,24,22,9,23,25,13,11,2,99,102,110,110,51,120,103
2017-03-12,696,503,183,10,612,61,6,3,12,0,2,102,74,54,78,51,55,28,62,22,16,32,18,19,12,23,27,10,8,5,103,103,124,109,62,106,89
2017-03-19,710,501,199,10,622,55,10,6,17,0,0,86,76,78,68,47,42,36,71,22,23,33,18,32,13,16,24,10,11,4,123,86,107,141,58,85,110
2017-03-26,696,496,193,7,602,74,3,3,14,0,0,76,76,62,77,41,35,32,71,22,25,38,22,26,8,21,29,14,20,1,109,108,128,105,68,127,51
2017-04-02,770,575,190,5,694,52,8,3,11,1,1,96,83,65,85,49,42,52,77,18,27,30,22,26,17,21,25,15,17,3,107,110,124,127,88,107,107
2017-04-09,698,498,190,10,608,65,5,1,19,0,0,82,79,67,65,50,41,43,70,15,25,25,19,19,20,22,23,12,10,11,92,105,78,115,65,123,120
2017-04-16,392,271,116,5,339,40,2,4,6,1,0,56,35,31,39,21,22,21,36,9,12,14,16,18,4,18,19,4,10,7,46,83,62,44,46,45,66
2017-04-23,660,474,173,13,583,61,4,2,10,0,0,83,65,61,69,30,56,31,66,24,16,32,15,29,11,19,18,13,20,2,91,95,111,123,66,104,70
2017-04-30,714,492,213,9,608,87,8,1,10,0,0,84,73,49,69,46,40,42,83,24,29,32,25,23,16,14,32,13,17,3,100,113,113,92,62,125,109
2017-05-07,703,502,193,8,618,58,11,1,15,0,0,90,81,48,71,50,37,47,70,27,20,33,22,28,9,14,26,18,5,7,109,116,113,120,71,110,64
2017-05-14,776,583,186,7,692,62,5,4,13,0,0,93,90,66,67,54,46,56,66,23,23,46,24,34,10,19,28,8,18,5,111,102,141,128,70,118,106
2017-05-21,763,519,229,15,665,64,12,5,17,0,0,89,71,64,85,57,50,49,69,22,29,38,19,27,13,18,35,11,14,3,128,113,110,131,49,120,112
2017-05-28,644,434,197,13,550,71,8,3,12,0,0,85,68,50,59,45,44,32,67,18,21,39,17,18,8,9,32,9,18,5,96,91,85,92,69,102,109
2017-06-04,564,391,157,16,487,56,5,3,13,0,0,72,48,57,75,42,30,19,52,18,24,32,10,19,10,15,17,9,10,5,90,108,76,103,50,91,46
2017-06-11,608,432,167,9,542,48,7,2,9,0,0,72,66,57,73,40,28,30,73,17,17,31,16,15,8,16,21,12,12,4,75,112,76,95,65,88,97
2017-06-18,581,419,154,8,498,66,4,3,10,0,0,73,65,45,61,39,33,34,44,20,18,34,20,28,6,13,27,9,10,2,92,78,92,99,43,84,93
2017-06-25,511,355,142,14,456,37,4,1,13,0,0,66,47,45,60,37,28,30,41,19,14,31,10,16,13,15,21,10,6,2,80,99,81,80,49,78,44
2017-07-02,459,296,154,9,395,43,2,3,16,0,0,59,44,42,67,34,25,25,24,19,16,23,10,15,5,14,19,11,6,1,66,77,79,86,38,77,36
2017-07-09,513,366,141,6,453,45,3,1,11,0,0,52,50,61,60,21,28,29,42,24,17,21,15,18,5,14,28,12,12,4,98,79,98,90,47,69,32
2017-07-16,576,402,159,15,495,58,6,2,15,0,0,78,62,49,59,29,39,20,59,27,17,30,15,24,6,17,20,14,8,3,77,105,87,90,60,83,74
2017-07-23,552,387,154,11,488,48,1,1,14,0,0,62,61,61,61,46,35,33,34,13,17,34,19,13,5,9,28,7,11,3,57,87,85,105,54,87,77
2017-07-30,610,410,193,7,534,59,5,0,12,0,0,89,68,57,55,48,31,42,51,18,17,38,16,18,8,14,18,9,9,4,82,84,106,103,57,85,93
2017-08-06,616,425,180,11,532,60,7,0,17,0,0,69,63,57,66,53,36,39,55,20,24,41,15,17,3,7,27,14,6,4,92,79,79,120,56,90,100
2017-08-13,566,376,179,11,478,60,8,0,20,0,0,57,65,56,61,44,24,35,39,26,22,31,13,25,12,6,21,16,10,3,90,83,112,95,54,93,39
2017-08-20,614,414,188,12,518,69,13,4,10,0,0,69,63,47,80,41,40,47,54,19,24,25,15,18,5,13,32,8,7,7,83,87,110,102,51,100,81
2017-08-27,538,358,168,12,468,51,5,2,12,0,0,67,65,42,57,47,33,22,60,16,7,26,11,14,8,19,20,10,10,4,89,95,98,90,50,79,37
2017-09-03,694,475,212,7,606,64,6,0,18,0,0,76,65,73,91,52,47,41,62,16,17,32,13,19,11,14,35,12,10,8,109,87,119,124,78,91,86
2017-09-10,544,374,163,7,467,54,7,2,14,0,0,63,72,52,61,34,30,37,48,12,16,26,14,19,3,15,19,14,5,4,55,70,85,106,61,91,76
2017-09-17,615,400,205,10,538,53,8,4,12,0,0,67,70,48,76,42,41,33,51,22,25,34,12,23,8,15,20,15,7,6,108,99,81,95,60,83,89
2017-09-24,511,337,159,15,437,55,7,2,10,0,0,50,49,45,62,45,26,36,43,21,10,32,10,24,5,10,16,13,9,5,88,80,92,68,36,58,89
2017-10-01,267,176,91,0,229,26,5,0,7,0,0,19,42,17,26,25,24,20,24,12,7,20,5,7,4,2,7,2,1,3,66,71,63,22,0,0,45
